{
  "RECORDS": [
    {
      "_id": "6002c983700b0000e6002143",
      "htmlContent": "老公&nbsp;&nbsp;生日快乐",
      "nickname": "老婆",
      "pubtime": "1524335497",
      "replyList": "",
      "ubbContent": "老公  生日快乐[em]e152[/em]"
    },
    {
      "_id": "6002c983700b0000e6002144",
      "htmlContent": "在一起的第三个年&nbsp;<br>老公新年快乐",
      "nickname": "老婆",
      "pubtime": "1518711391",
      "replyList": "",
      "ubbContent": "在一起的第三个年 \n老公新年快乐"
    },
    {
      "_id": "6002c983700b0000e6002145",
      "htmlContent": "快过来给我暖床！！！",
      "nickname": "老婆",
      "pubtime": "1515939022",
      "replyList": "",
      "ubbContent": "快过来给我暖床！！！\n\n[img,256,200]http://b242.photo.store.qq.com/psb?/V12aJDqU32QRb5/I3oyrOHC*CdtCH5okjh2avs2DX3BmkfsuWFcib65nZ4!/b/dPIAAAAAAAAA&bo=aAEPAWgBDwEDIAU![/img]"
    },
    {
      "_id": "6002c983700b0000e6002146",
      "htmlContent": "见到我的时候要给我一个拥抱",
      "nickname": "老婆",
      "pubtime": "1513951472",
      "replyList": "",
      "ubbContent": "见到我的时候要给我一个拥抱"
    },
    {
      "_id": "6002c983700b0000e6002147",
      "htmlContent": "晚安",
      "nickname": "老婆",
      "pubtime": "1509112983",
      "replyList": "",
      "ubbContent": "晚安\n\n[img,256,200]http://b242.photo.store.qq.com/psb?/V12aJDqU32QRb5/whWhsFuzDKrR7Wx0nalllEqvWGPWfc9dNpp3jQv2zLQ!/b/dPIAAAAAAAAA&bo=aAEPAWgBDwEDIAU![/img]"
    },
    {
      "_id": "6002c983700b0000e6002148",
      "htmlContent": "晚安&nbsp;老公",
      "nickname": "老婆",
      "pubtime": "1506440100",
      "replyList": "",
      "ubbContent": "晚安 老公\n\n[img,256,200]http://b319.photo.store.qq.com/psb?/V12aJDqU32QRb5/vchybLho*FPS576*3hsuIGIpObEm9NvQKlTkl2BCjmc!/b/dD8BAAAAAAAA&bo=aAEPAWgBDwEDIAU![/img]"
    },
    {
      "_id": "6002c983700b0000e6002149",
      "htmlContent": "歪?<br>别的小朋友都回家了<br>你什么时候来接我呀",
      "nickname": "老婆",
      "pubtime": "1500440719",
      "replyList": "",
      "ubbContent": "歪?\n别的小朋友都回家了\n你什么时候来接我呀"
    },
    {
      "_id": "6002c983700b0000e600214a",
      "htmlContent": "&nbsp;<br><br><img src=\"http://qzonestyle.gtimg.cn/qzone/space_item/material/MessageBoard/org/4/13988/gunalabaofuzhiguang_big.png\" width=\"416\" height=\"180\">",
      "nickname": "老婆",
      "pubtime": "1499178942",
      "replyList": "",
      "ubbContent": " \n\n[img,416,180]http://qzonestyle.gtimg.cn/qzone/space_item/material/MessageBoard/org/4/13988/gunalabaofuzhiguang_big.png[/img]"
    },
    {
      "_id": "6002c983700b0000e600214c",
      "htmlContent": "I&nbsp;love&nbsp;you",
      "nickname": "老婆",
      "pubtime": "1495110300",
      "replyList": "",
      "ubbContent": "I love you[em]e400883[/em]"
    },
    {
      "_id": "6002c983700b0000e600214d",
      "htmlContent": "好想你",
      "nickname": "老婆",
      "pubtime": "1490601195",
      "replyList": "",
      "ubbContent": "好想你[em]e400623[/em]"
    },
    {
      "_id": "6002c983700b0000e600214e",
      "htmlContent": "好冷&nbsp;要亲亲抱抱举高高",
      "nickname": "老婆",
      "pubtime": "1489737480",
      "replyList": "",
      "ubbContent": "好冷 要亲亲抱抱举高高[em]e401185[/em]"
    },
    {
      "_id": "6002c983700b0000e600214f",
      "htmlContent": "我晚上打算吃麻辣烫",
      "nickname": "老婆",
      "pubtime": "1487842744",
      "replyList": "",
      "ubbContent": "我晚上打算吃麻辣烫[em]e184[/em]"
    },
    {
      "_id": "6002c983700b0000e6002150",
      "htmlContent": "老公&nbsp;晚安哟",
      "nickname": "老婆",
      "pubtime": "1487426990",
      "replyList": "",
      "ubbContent": "老公 晚安哟[em]e400848[/em]"
    },
    {
      "_id": "6002c983700b0000e6002151",
      "htmlContent": "看着聊天记录，那是发自内心的想哭。",
      "nickname": "老婆",
      "pubtime": "1486611928",
      "replyList": "",
      "ubbContent": "看着聊天记录，那是发自内心的想哭。"
    },
    {
      "_id": "6002c983700b0000e6002152",
      "htmlContent": "星星&nbsp;&nbsp;新年快乐&nbsp;爱你",
      "nickname": "老婆",
      "pubtime": "1485532917",
      "replyList": "",
      "ubbContent": "星星  新年快乐 爱你[em]e401181[/em][em]e400848[/em][em]e400846[/em]"
    },
    {
      "_id": "6002c983700b0000e6002153",
      "htmlContent": "臭星星&nbsp;&nbsp;祝你鸡年大鸡吧！",
      "nickname": "老婆",
      "pubtime": "1485503410",
      "replyList": "",
      "ubbContent": "臭星星  祝你鸡年大鸡吧！[em]e400848[/em]"
    },
    {
      "_id": "6002c983700b0000e6002154",
      "htmlContent": "想每天在你身边陪着你&nbsp;同你喜共你悲<br>",
      "nickname": "老婆",
      "pubtime": "1484743416",
      "replyList": "",
      "ubbContent": "想每天在你身边陪着你 同你喜共你悲\n"
    },
    {
      "_id": "6002c983700b0000e6002156",
      "htmlContent": "就算是短暂的别离我也会很不舍",
      "nickname": "老婆",
      "pubtime": "1483851253",
      "replyList": "",
      "ubbContent": "就算是短暂的别离我也会很不舍"
    },
    {
      "_id": "6002c983700b0000e6002157",
      "htmlContent": "老公&nbsp;&nbsp;这是你陪我过得第二个圣诞节&nbsp;祝我们圣诞节快乐",
      "nickname": "老婆",
      "pubtime": "1482595895",
      "replyList": "",
      "ubbContent": "老公  这是你陪我过得第二个圣诞节 祝我们圣诞节快乐[em]e166[/em]"
    },
    {
      "_id": "6002c983700b0000e6002158",
      "htmlContent": "早呀&nbsp;星星",
      "nickname": "老婆",
      "pubtime": "1482184868",
      "replyList": "",
      "ubbContent": "早呀 星星"
    },
    {
      "_id": "6002c983700b0000e6002159",
      "htmlContent": "晚安",
      "nickname": "老婆",
      "pubtime": "1481468538",
      "replyList": "",
      "ubbContent": "晚安[em]e163[/em]"
    },
    {
      "_id": "6002c983700b0000e600215a",
      "htmlContent": "跟你在一起 你教会我很多",
      "nickname": "老婆",
      "pubtime": "1481250336",
      "replyList": "",
      "ubbContent": "[ffg,#84e3f1,#FFFFFF][/ffg]"
    },
    {
      "_id": "6002c983700b0000e600215b",
      "htmlContent": "mua~",
      "nickname": "老婆",
      "pubtime": "1480582407",
      "replyList": "",
      "ubbContent": "mua~"
    },
    {
      "_id": "6002c983700b0000e600215c",
      "htmlContent": "齐星&nbsp;&nbsp;如果我们在一起你会觉得不开心会觉得不自由&nbsp;你一定要告诉我&nbsp;我一定会放手的<br>如果你觉得我们这样也挺好的&nbsp;&nbsp;我也会好好抓紧你的手不放开",
      "nickname": "老婆",
      "pubtime": "1478104574",
      "replyList": "",
      "ubbContent": "齐星  如果我们在一起你会觉得不开心会觉得不自由 你一定要告诉我 我一定会放手的\n如果你觉得我们这样也挺好的  我也会好好抓紧你的手不放开"
    },
    {
      "_id": "6002c983700b0000e600215d",
      "htmlContent": "我爸今天跟我妈说&nbsp;&nbsp;觉得他们自己对我不好&nbsp;&nbsp;但万万不知道的是他们的女儿拿着他们幸幸苦苦赚的钱在学校浪费光阴&nbsp;",
      "nickname": "老婆",
      "pubtime": "1477837509",
      "replyList": "",
      "ubbContent": "我爸今天跟我妈说  觉得他们自己对我不好  但万万不知道的是他们的女儿拿着他们幸幸苦苦赚的钱在学校浪费光阴 "
    },
    {
      "_id": "6002c983700b0000e600215e",
      "htmlContent": "风里有花香，身边有最爱的人。我想你了<img src=\"http://p.qpic.cn/msgboardpic/1368802693/14774945035882693/640\">",
      "nickname": "老婆",
      "pubtime": "1477494505",
      "replyList": "",
      "ubbContent": "风里有花香，身边有最爱的人。我想你了[em]e400116[/em]\n\n[img,256,200]http://p.qpic.cn/msgboardpic/1368802693/14774945035882693/640[/img]"
    },
    {
      "_id": "6002c983700b0000e600215f",
      "htmlContent": "老公我爱你",
      "nickname": "老婆",
      "pubtime": "1476973674",
      "replyList": "",
      "ubbContent": "老公我爱你[em]e401236[/em]"
    },
    {
      "_id": "6002c983700b0000e6002160",
      "htmlContent": "星爷&nbsp;我自己身在福中不知福&nbsp;&nbsp;所以我现在真的想好好珍惜你&nbsp;&nbsp;就是那种&nbsp;看多了别人分手我就越觉得你对我这么好我就更不应该老是让你伤心",
      "nickname": "老婆",
      "pubtime": "1476973642",
      "replyList": "[ { \"content\" : \"乖\", \"uin\" : 494910887, \"time\" : 1477004936, \"nick\" : \"阿星Plus\" } ]",
      "ubbContent": "星爷 我自己身在福中不知福  所以我现在真的想好好珍惜你  就是那种 看多了别人分手我就越觉得你对我这么好我就更不应该老是让你伤心"
    },
    {
      "_id": "6002c983700b0000e6002161",
      "htmlContent": "<br><br>日日是好日<br><br><img src=\"http://p.qpic.cn/msgboardpic/1368802693/14768723659792693/640\" width=\"256\" height=\"200\">",
      "nickname": "老婆",
      "pubtime": "1476872367",
      "replyList": "",
      "ubbContent": "\n\n日日是好日\n\n[img,256,200]http://p.qpic.cn/msgboardpic/1368802693/14768723659792693/640[/img]"
    },
    {
      "_id": "6002c983700b0000e6002162",
      "htmlContent": "<br><br><br><br>明年这个时候的我<br>会是怎样",
      "nickname": "老婆",
      "pubtime": "1476622452",
      "replyList": "",
      "ubbContent": "\n\n\n\n明年这个时候的我\n会是怎样"
    },
    {
      "_id": "6002c983700b0000e6002163",
      "htmlContent": "<br><br>快来暖被窝<br><img src=\"http://p.qpic.cn/msgboardpic/1368802693/14762849027502693/640\" width=\"256\" height=\"200\"></a><wbr>",
      "nickname": "老婆",
      "pubtime": "1476284905",
      "replyList": "",
      "ubbContent": "\n\n快来暖被窝\n\n\n\n[img,256,200]http://p.qpic.cn/msgboardpic/1368802693/14762849027502693/640[/img]"
    },
    {
      "_id": "6002c983700b0000e6002164",
      "htmlContent": "好开心呀&nbsp;&nbsp;&nbsp;老公&nbsp;爱你哦",
      "nickname": "老婆",
      "pubtime": "1476027626",
      "replyList": "",
      "ubbContent": "好开心呀   老公 爱你哦[em]e401236[/em]"
    },
    {
      "_id": "6002c983700b0000e6002165",
      "htmlContent": "且行且珍惜",
      "nickname": "老婆",
      "pubtime": "1475676183",
      "replyList": "",
      "ubbContent": "且行且珍惜[em]e163[/em]"
    },
    {
      "_id": "6002c983700b0000e6002166",
      "htmlContent": "希望以后有机会的话&nbsp;齐星能陪我去一次大理",
      "nickname": "老婆",
      "pubtime": "1475020563",
      "replyList": "",
      "ubbContent": "希望以后有机会的话 齐星能陪我去一次大理[em]e166[/em]"
    },
    {
      "_id": "6002c983700b0000e6002167",
      "htmlContent": "不知道为什么&nbsp;我真的好难过",
      "nickname": "老婆",
      "pubtime": "1474474014",
      "replyList": "",
      "ubbContent": "不知道为什么 我真的好难过"
    },
    {
      "_id": "6002c983700b0000e6002168",
      "htmlContent": "晚安安",
      "nickname": "老婆",
      "pubtime": "1474296842",
      "replyList": "",
      "ubbContent": "晚安安[em]e400848[/em]"
    },
    {
      "_id": "6002c983700b0000e6002169",
      "htmlContent": "齐星呀",
      "nickname": "老婆",
      "pubtime": "1474296826",
      "replyList": "",
      "ubbContent": "齐星呀"
    },
    {
      "_id": "6002c983700b0000e600216a",
      "htmlContent": "老公，月饼节快乐",
      "nickname": "老婆",
      "pubtime": "1473901365",
      "replyList": "",
      "ubbContent": "老公，月饼节快乐[em]e166[/em]"
    },
    {
      "_id": "6002c983700b0000e600216b",
      "htmlContent": "我要吃月饼，就问你买不买",
      "nickname": "老婆",
      "pubtime": "1473901340",
      "replyList": "[ { \"content\" : \"走，逛超市去\", \"uin\" : 494910887, \"time\" : 1473901364, \"nick\" : \"阿星Plus\" } ]",
      "ubbContent": "我要吃月饼，就问你买不买[em]e124[/em]"
    },
    {
      "_id": "6002c983700b0000e600216c",
      "htmlContent": "老公大人&nbsp;我也爱你",
      "nickname": "老婆",
      "pubtime": "1473560606",
      "replyList": "",
      "ubbContent": "老公大人 我也爱你[em]e400848[/em]"
    },
    {
      "_id": "6002c983700b0000e600216d",
      "htmlContent": "有你在真好",
      "nickname": "老婆",
      "pubtime": "1472742974",
      "replyList": "",
      "ubbContent": "有你在真好[em]e178[/em]"
    },
    {
      "_id": "6002c983700b0000e600216e",
      "htmlContent": "老公晚安",
      "nickname": "老婆",
      "pubtime": "1472570368",
      "replyList": "",
      "ubbContent": "老公晚安[em]e152[/em]"
    },
    {
      "_id": "6002c983700b0000e600216f",
      "htmlContent": "&nbsp;<br><br><img src=\"http://qzonestyle.gtimg.cn/qzone/space_item/material/MessageBoard/org/12/10540/haohaoxuexitiantianxiangshang_big.png\" width=\"416\" height=\"180\">",
      "nickname": "老婆",
      "pubtime": "1472549574",
      "replyList": "",
      "ubbContent": " \n\n[img,416,180]http://qzonestyle.gtimg.cn/qzone/space_item/material/MessageBoard/org/12/10540/haohaoxuexitiantianxiangshang_big.png[/img]"
    },
    {
      "_id": "6002c983700b0000e6002170",
      "htmlContent": "昨天晚上一晚上没睡好，今天早上很早就醒了，一直等你回复我。家里停电了好热。",
      "nickname": "老婆",
      "pubtime": "1471221193",
      "replyList": "",
      "ubbContent": "昨天晚上一晚上没睡好，今天早上很早就醒了，一直等你回复我。家里停电了好热。"
    },
    {
      "_id": "6002c983700b0000e6002171",
      "htmlContent": "晚安<img src=\"images/8D479A8C.gif\"><wbr>",
      "nickname": "老婆",
      "pubtime": "1471188102",
      "replyList": "",
      "ubbContent": "晚安[em]e163[/em]"
    },
    {
      "_id": "6002c983700b0000e6002172",
      "htmlContent": "老公，我爱你。",
      "nickname": "老婆",
      "pubtime": "1471188092",
      "replyList": "",
      "ubbContent": "老公，我爱你。"
    },
    {
      "_id": "6002c983700b0000e6002173",
      "htmlContent": "晚安",
      "nickname": "老婆",
      "pubtime": "1471099787",
      "replyList": "",
      "ubbContent": "晚安[em]e163[/em]"
    },
    {
      "_id": "6002c983700b0000e6002174",
      "htmlContent": "小傻瓜，能不能不要太烦。知道你工作很忙很累，知道你压力很大，我相信这都会过去的，你一定要照顾好自己的身体。在我看来，你的事就是我的事，在我看来我们就是一家人，你心里有什么委屈不开心都可以跟我说啊。毕竟我是你媳妇，一个真的很爱你的媳妇。我一直都觉得你是最棒的。加油加油加油！",
      "nickname": "老婆",
      "pubtime": "1471016818",
      "replyList": "",
      "ubbContent": "小傻瓜，能不能不要太烦。知道你工作很忙很累，知道你压力很大，我相信这都会过去的，你一定要照顾好自己的身体。在我看来，你的事就是我的事，在我看来我们就是一家人，你心里有什么委屈不开心都可以跟我说啊。毕竟我是你媳妇，一个真的很爱你的媳妇。我一直都觉得你是最棒的。加油加油加油！[em]e178[/em][em]e178[/em]"
    },
    {
      "_id": "6002c983700b0000e6002175",
      "htmlContent": "晚安",
      "nickname": "老婆",
      "pubtime": "1471012379",
      "replyList": "",
      "ubbContent": "晚安[em]e163[/em]"
    },
    {
      "_id": "6002c983700b0000e6002176",
      "htmlContent": "苹果你个挨炮",
      "nickname": "老婆",
      "pubtime": "1470975708",
      "replyList": "",
      "ubbContent": "苹果你个挨炮"
    },
    {
      "_id": "6002c983700b0000e6002177",
      "htmlContent": "晚安",
      "nickname": "老婆",
      "pubtime": "1470928870",
      "replyList": "",
      "ubbContent": "晚安[em]e163[/em]"
    },
    {
      "_id": "6002c983700b0000e6002178",
      "htmlContent": "在我心里，你很重要。",
      "nickname": "老婆",
      "pubtime": "1470924183",
      "replyList": "",
      "ubbContent": "在我心里，你很重要。"
    },
    {
      "_id": "6002c983700b0000e6002179",
      "htmlContent": "香蕉你个不啦啦",
      "nickname": "老婆",
      "pubtime": "1470913115",
      "replyList": "[ { \"content\" : \"傻不拉几的，干啥嘞\", \"uin\" : 494910887, \"time\" : 1470913163, \"nick\" : \"阿星Plus\" } ]",
      "ubbContent": "香蕉你个不啦啦"
    },
    {
      "_id": "6002c983700b0000e600217a",
      "htmlContent": "晚安",
      "nickname": "老婆",
      "pubtime": "1470843707",
      "replyList": "",
      "ubbContent": "晚安[em]e163[/em]"
    },
    {
      "_id": "6002c983700b0000e600217b",
      "htmlContent": "我爱你",
      "nickname": "老婆",
      "pubtime": "1470843696",
      "replyList": "",
      "ubbContent": "我爱你[em]e401236[/em]"
    },
    {
      "_id": "6002c983700b0000e600217c",
      "htmlContent": "晚安",
      "nickname": "老婆",
      "pubtime": "1470663161",
      "replyList": "",
      "ubbContent": "晚安[em]e163[/em]"
    },
    {
      "_id": "6002c983700b0000e600217e",
      "htmlContent": "晚安",
      "nickname": "老婆",
      "pubtime": "1470582895",
      "replyList": "",
      "ubbContent": "晚安[em]e163[/em]"
    },
    {
      "_id": "6002c983700b0000e600217f",
      "htmlContent": "我爱你&nbsp;要记得这一点",
      "nickname": "老婆",
      "pubtime": "1470582880",
      "replyList": "",
      "ubbContent": "我爱你 要记得这一点"
    },
    {
      "_id": "6002c983700b0000e6002180",
      "htmlContent": "老公&nbsp;",
      "nickname": "老婆",
      "pubtime": "1470582859",
      "replyList": "",
      "ubbContent": "老公 "
    },
    {
      "_id": "6002c983700b0000e6002181",
      "htmlContent": "想我想我想我",
      "nickname": "老婆",
      "pubtime": "1470551151",
      "replyList": "",
      "ubbContent": "想我想我想我"
    },
    {
      "_id": "6002c983700b0000e6002182",
      "htmlContent": "晚安",
      "nickname": "老婆",
      "pubtime": "1470489926",
      "replyList": "",
      "ubbContent": "晚安[em]e163[/em]"
    },
    {
      "_id": "6002c983700b0000e6002183",
      "htmlContent": "齐星&nbsp;回家给我发自拍",
      "nickname": "老婆",
      "pubtime": "1470463882",
      "replyList": "",
      "ubbContent": "齐星 回家给我发自拍"
    },
    {
      "_id": "6002c983700b0000e6002184",
      "htmlContent": "晚安",
      "nickname": "老婆",
      "pubtime": "1470406001",
      "replyList": "",
      "ubbContent": "晚安[em]e163[/em]"
    },
    {
      "_id": "6002c983700b0000e6002185",
      "htmlContent": "不知道为什么我好不开心",
      "nickname": "老婆",
      "pubtime": "1470405974",
      "replyList": "",
      "ubbContent": "不知道为什么我好不开心"
    },
    {
      "_id": "6002c983700b0000e6002186",
      "htmlContent": "我的星星明天终于可以回家啦&nbsp;&nbsp;替你开心(∩_∩)",
      "nickname": "老婆",
      "pubtime": "1470386764",
      "replyList": "",
      "ubbContent": "我的星星明天终于可以回家啦  替你开心(∩_∩)"
    },
    {
      "_id": "6002c983700b0000e6002187",
      "htmlContent": "晚安",
      "nickname": "老婆",
      "pubtime": "1470324395",
      "replyList": "",
      "ubbContent": "晚安[em]e163[/em]"
    },
    {
      "_id": "6002c983700b0000e6002188",
      "htmlContent": "想抱着你睡觉了&nbsp;",
      "nickname": "老婆",
      "pubtime": "1470324384",
      "replyList": "",
      "ubbContent": "想抱着你睡觉了 "
    },
    {
      "_id": "6002c983700b0000e6002189",
      "htmlContent": "我终于是火炬手了&nbsp;&nbsp;哈哈哈",
      "nickname": "老婆",
      "pubtime": "1470296820",
      "replyList": "",
      "ubbContent": "我终于是火炬手了  哈哈哈"
    },
    {
      "_id": "6002c983700b0000e600218a",
      "htmlContent": "你知道吗&nbsp;我玩偷药丸的这个&nbsp;&nbsp;我有天晚上醒好几次去偷别人的药丸&nbsp;",
      "nickname": "老婆",
      "pubtime": "1470287416",
      "replyList": "[ { \"content\" : \"偷偷偷\", \"uin\" : 494910887, \"time\" : 1470289879, \"nick\" : \"阿星Plus\" } ]",
      "ubbContent": "你知道吗 我玩偷药丸的这个  我有天晚上醒好几次去偷别人的药丸 "
    },
    {
      "_id": "6002c983700b0000e600218b",
      "htmlContent": "早安",
      "nickname": "老婆",
      "pubtime": "1470266439",
      "replyList": "",
      "ubbContent": "早安[em]e163[/em]"
    },
    {
      "_id": "6002c983700b0000e600218c",
      "htmlContent": "走&nbsp;&nbsp;偷菜去",
      "nickname": "老婆",
      "pubtime": "1470266429",
      "replyList": "",
      "ubbContent": "走  偷菜去[em]e151[/em]"
    },
    {
      "_id": "6002c983700b0000e600218d",
      "htmlContent": "晚安",
      "nickname": "老婆",
      "pubtime": "1470235580",
      "replyList": "",
      "ubbContent": "晚安[em]e163[/em]"
    },
    {
      "_id": "6002c983700b0000e600218e",
      "htmlContent": "来啊&nbsp;快活啊&nbsp;反正有大把时光<img src=\"http://qzonestyle.gtimg.cn/qzone/em/recommendedImages/063.gif\" width=\"100\" height=\"100\">",
      "nickname": "老婆",
      "pubtime": "1470235570",
      "replyList": "",
      "ubbContent": "来啊 快活啊 反正有大把时光[img,100,100]http://qzonestyle.gtimg.cn/qzone/em/recommendedImages/063.gif[/img]"
    },
    {
      "_id": "6002c983700b0000e600218f",
      "htmlContent": "晚安",
      "nickname": "老婆",
      "pubtime": "1470148189",
      "replyList": "",
      "ubbContent": "晚安[em]e163[/em]"
    },
    {
      "_id": "6002c983700b0000e6002190",
      "htmlContent": "阿星",
      "nickname": "老婆",
      "pubtime": "1470148179",
      "replyList": "",
      "ubbContent": "阿星[em]e152[/em]"
    },
    {
      "_id": "6002c983700b0000e6002191",
      "htmlContent": "晚安",
      "nickname": "老婆",
      "pubtime": "1470056898",
      "replyList": "",
      "ubbContent": "晚安[em]e163[/em]"
    },
    {
      "_id": "6002c983700b0000e6002192",
      "htmlContent": "突然只想被你抱在怀里哭一会&nbsp;然后擦干眼泪&nbsp;迎接美好的明天",
      "nickname": "老婆",
      "pubtime": "1470056885",
      "replyList": "",
      "ubbContent": "突然只想被你抱在怀里哭一会 然后擦干眼泪 迎接美好的明天"
    },
    {
      "_id": "6002c983700b0000e6002193",
      "htmlContent": "老公&nbsp;老公&nbsp;老公&nbsp;老公&nbsp;我好想想想想吃冰棒",
      "nickname": "老婆",
      "pubtime": "1470023943",
      "replyList": "",
      "ubbContent": "老公 老公 老公 老公 我好想想想想吃冰棒"
    },
    {
      "_id": "6002c983700b0000e6002194",
      "htmlContent": "晚安",
      "nickname": "老婆",
      "pubtime": "1469972633",
      "replyList": "",
      "ubbContent": "晚安[em]e163[/em]"
    },
    {
      "_id": "6002c983700b0000e6002195",
      "htmlContent": "我爱你&nbsp;真的",
      "nickname": "老婆",
      "pubtime": "1469972623",
      "replyList": "",
      "ubbContent": "我爱你 真的"
    },
    {
      "_id": "6002c983700b0000e6002196",
      "htmlContent": "晚安",
      "nickname": "老婆",
      "pubtime": "1469886765",
      "replyList": "",
      "ubbContent": "晚安[em]e163[/em]"
    },
    {
      "_id": "6002c983700b0000e6002197",
      "htmlContent": "我多像一个多愁善感的人，我做的最错的一件事就是把满满的多愁善感都留给了你。我不该伤害一个爱我的人，我知道我错了。我想我会慢慢改变，让我们更爱对方。",
      "nickname": "老婆",
      "pubtime": "1469886755",
      "replyList": "",
      "ubbContent": "我多像一个多愁善感的人，我做的最错的一件事就是把满满的多愁善感都留给了你。我不该伤害一个爱我的人，我知道我错了。我想我会慢慢改变，让我们更爱对方。"
    },
    {
      "_id": "6002c983700b0000e6002198",
      "htmlContent": "春风十里&nbsp;不如你&nbsp;齐星",
      "nickname": "老婆",
      "pubtime": "1469871914",
      "replyList": "",
      "ubbContent": "春风十里 不如你 齐星"
    },
    {
      "_id": "6002c983700b0000e6002199",
      "htmlContent": "我爱你所以我要对你发神经。",
      "nickname": "老婆",
      "pubtime": "1469866086",
      "replyList": "",
      "ubbContent": "我爱你所以我要对你发神经。"
    },
    {
      "_id": "6002c983700b0000e600219a",
      "htmlContent": "晚安",
      "nickname": "老婆",
      "pubtime": "1469794861",
      "replyList": "",
      "ubbContent": "晚安[em]e163[/em]"
    },
    {
      "_id": "6002c983700b0000e600219b",
      "htmlContent": "我希望齐星能够好好照顾自己&nbsp;我希望齐星开心起来&nbsp;我希望烦心的事离齐星远点",
      "nickname": "老婆",
      "pubtime": "1469794847",
      "replyList": "",
      "ubbContent": "我希望齐星能够好好照顾自己 我希望齐星开心起来 我希望烦心的事离齐星远点"
    },
    {
      "_id": "6002c983700b0000e600219c",
      "htmlContent": "赶快好起来&nbsp;&nbsp;",
      "nickname": "老婆",
      "pubtime": "1469782749",
      "replyList": "",
      "ubbContent": "赶快好起来  "
    },
    {
      "_id": "6002c983700b0000e600219d",
      "htmlContent": "晚安",
      "nickname": "老婆",
      "pubtime": "1469718880",
      "replyList": "",
      "ubbContent": "晚安[em]e163[/em]"
    },
    {
      "_id": "6002c983700b0000e600219e",
      "htmlContent": "晚安",
      "nickname": "老婆",
      "pubtime": "1469631107",
      "replyList": "",
      "ubbContent": "晚安[em]e163[/em]"
    },
    {
      "_id": "6002c983700b0000e600219f",
      "htmlContent": "男神&nbsp;&nbsp;你好厉害&nbsp;&nbsp;",
      "nickname": "老婆",
      "pubtime": "1469626485",
      "replyList": "",
      "ubbContent": "男神  你好厉害  [em]e152[/em]"
    },
    {
      "_id": "6002c983700b0000e60021a0",
      "htmlContent": "我觉得你对工作认真负责带有热爱&nbsp;我觉得你应该知道什么时候要做什么事情&nbsp;&nbsp;不会说跟我一样&nbsp;事情没做完算了先放一边先去睡个觉&nbsp;我觉得你有分寸&nbsp;所以我就说你自己看着办啦&nbsp;当然啦&nbsp;&nbsp;天气热是容易睡觉&nbsp;你要注意身体不要太累了。",
      "nickname": "老婆",
      "pubtime": "1469595102",
      "replyList": "",
      "ubbContent": "我觉得你对工作认真负责带有热爱 我觉得你应该知道什么时候要做什么事情  不会说跟我一样 事情没做完算了先放一边先去睡个觉 我觉得你有分寸 所以我就说你自己看着办啦 当然啦  天气热是容易睡觉 你要注意身体不要太累了。"
    },
    {
      "_id": "6002c983700b0000e60021a1",
      "htmlContent": "晚安",
      "nickname": "老婆",
      "pubtime": "1469541585",
      "replyList": "",
      "ubbContent": "晚安[em]e163[/em]"
    },
    {
      "_id": "6002c983700b0000e60021a2",
      "htmlContent": "晚安",
      "nickname": "老婆",
      "pubtime": "1469458853",
      "replyList": "",
      "ubbContent": "晚安[em]e163[/em]"
    },
    {
      "_id": "6002c983700b0000e60021a3",
      "htmlContent": "我是喵喵",
      "nickname": "老婆",
      "pubtime": "1469458843",
      "replyList": "",
      "ubbContent": "我是喵喵"
    },
    {
      "_id": "6002c983700b0000e60021a4",
      "htmlContent": "晚安",
      "nickname": "老婆",
      "pubtime": "1469369378",
      "replyList": "",
      "ubbContent": "晚安[em]e163[/em]"
    },
    {
      "_id": "6002c983700b0000e60021a5",
      "htmlContent": "啵～",
      "nickname": "老婆",
      "pubtime": "1469369369",
      "replyList": "",
      "ubbContent": "啵～"
    },
    {
      "_id": "6002c983700b0000e60021a6",
      "htmlContent": "晚安",
      "nickname": "老婆",
      "pubtime": "1469284297",
      "replyList": "",
      "ubbContent": "晚安[em]e163[/em]"
    },
    {
      "_id": "6002c984700b0000e60021a7",
      "htmlContent": "我是喵喵",
      "nickname": "老婆",
      "pubtime": "1469276889",
      "replyList": "",
      "ubbContent": "我是喵喵"
    },
    {
      "_id": "6002c984700b0000e60021a8",
      "htmlContent": "晚安",
      "nickname": "老婆",
      "pubtime": "1469193962",
      "replyList": "",
      "ubbContent": "晚安[em]e163[/em]"
    },
    {
      "_id": "6002c984700b0000e60021a9",
      "htmlContent": "你是不是觉得我没之前那么爱你了&nbsp;&nbsp;&nbsp;我老是惹你生气&nbsp;是我不懂事&nbsp;有时候说实话我觉得我们不合适但是我爱你啊舍不得和你分开&nbsp;我觉得我们还可以磨合还可以坚持下去&nbsp;&nbsp;我们在一起这么长时间不容易&nbsp;&nbsp;我想好好珍惜我们之间的感情&nbsp;&nbsp;&nbsp;我知道你每天工作很累&nbsp;我希望你每天都能开开心心的&nbsp;&nbsp;&nbsp;我希望你不要丢下宝宝一个人",
      "nickname": "老婆",
      "pubtime": "1469155006",
      "replyList": "",
      "ubbContent": "你是不是觉得我没之前那么爱你了   我老是惹你生气 是我不懂事 有时候说实话我觉得我们不合适但是我爱你啊舍不得和你分开 我觉得我们还可以磨合还可以坚持下去  我们在一起这么长时间不容易  我想好好珍惜我们之间的感情   我知道你每天工作很累 我希望你每天都能开开心心的   我希望你不要丢下宝宝一个人[em]e109[/em][em]e178[/em]"
    },
    {
      "_id": "6002c984700b0000e60021aa",
      "htmlContent": "晚安",
      "nickname": "老婆",
      "pubtime": "1469110511",
      "replyList": "",
      "ubbContent": "晚安[em]e163[/em]"
    },
    {
      "_id": "6002c984700b0000e60021ab",
      "htmlContent": "加油",
      "nickname": "老婆",
      "pubtime": "1469062257",
      "replyList": "",
      "ubbContent": "加油"
    },
    {
      "_id": "6002c984700b0000e60021ac",
      "htmlContent": "晚安",
      "nickname": "老婆",
      "pubtime": "1468937232",
      "replyList": "",
      "ubbContent": "晚安[em]e163[/em]"
    },
    {
      "_id": "6002c984700b0000e60021ad",
      "htmlContent": "天啦噜",
      "nickname": "老婆",
      "pubtime": "1468896769",
      "replyList": "",
      "ubbContent": "天啦噜"
    },
    {
      "_id": "6002c984700b0000e60021ae",
      "htmlContent": "晚安",
      "nickname": "老婆",
      "pubtime": "1468759732",
      "replyList": "",
      "ubbContent": "晚安[em]e163[/em]"
    },
    {
      "_id": "6002c984700b0000e60021af",
      "htmlContent": "晚安",
      "nickname": "老婆",
      "pubtime": "1468673677",
      "replyList": "",
      "ubbContent": "晚安[em]e163[/em]"
    },
    {
      "_id": "6002c984700b0000e60021b0",
      "htmlContent": "晚安",
      "nickname": "老婆",
      "pubtime": "1468508625",
      "replyList": "",
      "ubbContent": "晚安[em]e163[/em]"
    },
    {
      "_id": "6002c984700b0000e60021b1",
      "htmlContent": "晚安",
      "nickname": "老婆",
      "pubtime": "1468420499",
      "replyList": "",
      "ubbContent": "晚安[em]e163[/em]"
    },
    {
      "_id": "6002c984700b0000e60021b2",
      "htmlContent": "晚安",
      "nickname": "老婆",
      "pubtime": "1468335357",
      "replyList": "",
      "ubbContent": "晚安[em]e163[/em]"
    },
    {
      "_id": "6002c984700b0000e60021b3",
      "htmlContent": "晚安",
      "nickname": "老婆",
      "pubtime": "1468249485",
      "replyList": "",
      "ubbContent": "晚安[em]e163[/em]"
    },
    {
      "_id": "6002c984700b0000e60021b4",
      "htmlContent": "晚安",
      "nickname": "老婆",
      "pubtime": "1468166082",
      "replyList": "",
      "ubbContent": "晚安[em]e163[/em]"
    },
    {
      "_id": "6002c984700b0000e60021b5",
      "htmlContent": "晚安",
      "nickname": "老婆",
      "pubtime": "1468075148",
      "replyList": "",
      "ubbContent": "晚安[em]e163[/em]"
    },
    {
      "_id": "6002c984700b0000e60021b6",
      "htmlContent": "突然觉得还是呆在家里哪也不去最好",
      "nickname": "老婆",
      "pubtime": "1468061469",
      "replyList": "",
      "ubbContent": "突然觉得还是呆在家里哪也不去最好"
    },
    {
      "_id": "6002c984700b0000e60021b7",
      "htmlContent": "晚安",
      "nickname": "老婆",
      "pubtime": "1467991712",
      "replyList": "",
      "ubbContent": "晚安[em]e163[/em]"
    },
    {
      "_id": "6002c984700b0000e60021b8",
      "htmlContent": "晚安",
      "nickname": "老婆",
      "pubtime": "1467900901",
      "replyList": "",
      "ubbContent": "晚安[em]e163[/em]"
    },
    {
      "_id": "6002c984700b0000e60021b9",
      "htmlContent": "要是我现在跟你在一起就好了&nbsp;&nbsp;你就不会这么烦了",
      "nickname": "老婆",
      "pubtime": "1467894200",
      "replyList": "",
      "ubbContent": "要是我现在跟你在一起就好了  你就不会这么烦了[em]e178[/em]"
    },
    {
      "_id": "6002c984700b0000e60021ba",
      "htmlContent": "晚安",
      "nickname": "老婆",
      "pubtime": "1467817620",
      "replyList": "",
      "ubbContent": "晚安[em]e163[/em]"
    },
    {
      "_id": "6002c984700b0000e60021bb",
      "htmlContent": "晚安",
      "nickname": "老婆",
      "pubtime": "1467732091",
      "replyList": "",
      "ubbContent": "晚安[em]e163[/em]"
    },
    {
      "_id": "6002c984700b0000e60021bc",
      "htmlContent": "晚安",
      "nickname": "老婆",
      "pubtime": "1467643243",
      "replyList": "",
      "ubbContent": "晚安[em]e163[/em]"
    },
    {
      "_id": "6002c984700b0000e60021bd",
      "htmlContent": "晚安",
      "nickname": "老婆",
      "pubtime": "1467558878",
      "replyList": "",
      "ubbContent": "晚安[em]e163[/em]"
    },
    {
      "_id": "6002c984700b0000e60021be",
      "htmlContent": "晚安",
      "nickname": "老婆",
      "pubtime": "1467302741",
      "replyList": "",
      "ubbContent": "晚安[em]e163[/em]"
    },
    {
      "_id": "6002c984700b0000e60021bf",
      "htmlContent": "晚安",
      "nickname": "老婆",
      "pubtime": "1467211425",
      "replyList": "",
      "ubbContent": "晚安[em]e163[/em]"
    },
    {
      "_id": "6002c984700b0000e60021c0",
      "htmlContent": "晚安",
      "nickname": "老婆",
      "pubtime": "1467126642",
      "replyList": "",
      "ubbContent": "晚安[em]e163[/em]"
    },
    {
      "_id": "6002c984700b0000e60021c1",
      "htmlContent": "晚安",
      "nickname": "老婆",
      "pubtime": "1467037816",
      "replyList": "",
      "ubbContent": "晚安[em]e163[/em]"
    },
    {
      "_id": "6002c984700b0000e60021c2",
      "htmlContent": "死猪",
      "nickname": "老婆",
      "pubtime": "1466954032",
      "replyList": "",
      "ubbContent": "死猪[em]e400343[/em]"
    },
    {
      "_id": "6002c984700b0000e60021c3",
      "htmlContent": "你睡着了",
      "nickname": "老婆",
      "pubtime": "1466954008",
      "replyList": "",
      "ubbContent": "你睡着了[em]e123[/em]"
    },
    {
      "_id": "6002c984700b0000e60021c4",
      "htmlContent": "哼",
      "nickname": "老婆",
      "pubtime": "1466942883",
      "replyList": "",
      "ubbContent": "哼"
    },
    {
      "_id": "6002c984700b0000e60021c5",
      "htmlContent": "晚安",
      "nickname": "老婆",
      "pubtime": "1466782272",
      "replyList": "",
      "ubbContent": "晚安[em]e163[/em]"
    },
    {
      "_id": "6002c984700b0000e60021c6",
      "htmlContent": "晚安",
      "nickname": "老婆",
      "pubtime": "1466690929",
      "replyList": "",
      "ubbContent": "晚安[em]e163[/em]"
    },
    {
      "_id": "6002c984700b0000e60021c7",
      "htmlContent": "晚安",
      "nickname": "老婆",
      "pubtime": "1466604444",
      "replyList": "",
      "ubbContent": "晚安[em]e163[/em]"
    },
    {
      "_id": "6002c984700b0000e60021c8",
      "htmlContent": "晚安",
      "nickname": "老婆",
      "pubtime": "1466519577",
      "replyList": "",
      "ubbContent": "晚安[em]e163[/em]"
    },
    {
      "_id": "6002c984700b0000e60021c9",
      "htmlContent": "想家了吧&nbsp;大傻逼&nbsp;",
      "nickname": "老婆",
      "pubtime": "1466490449",
      "replyList": "",
      "ubbContent": "想家了吧 大傻逼 [em]e178[/em]"
    },
    {
      "_id": "6002c984700b0000e60021ca",
      "htmlContent": "晚安",
      "nickname": "老婆",
      "pubtime": "1466435393",
      "replyList": "",
      "ubbContent": "晚安[em]e163[/em]"
    },
    {
      "_id": "6002c984700b0000e60021cb",
      "htmlContent": "晚安",
      "nickname": "老婆",
      "pubtime": "1466345553",
      "replyList": "",
      "ubbContent": "晚安[em]e163[/em]"
    },
    {
      "_id": "6002c984700b0000e60021cc",
      "htmlContent": "晚安",
      "nickname": "老婆",
      "pubtime": "1466263411",
      "replyList": "",
      "ubbContent": "晚安[em]e163[/em]"
    },
    {
      "_id": "6002c984700b0000e60021cd",
      "htmlContent": "晚安",
      "nickname": "老婆",
      "pubtime": "1466175709",
      "replyList": "",
      "ubbContent": "晚安[em]e100[/em]"
    },
    {
      "_id": "6002c984700b0000e60021ce",
      "htmlContent": "晚安",
      "nickname": "老婆",
      "pubtime": "1466085873",
      "replyList": "",
      "ubbContent": "晚安[em]e163[/em]"
    },
    {
      "_id": "6002c984700b0000e60021cf",
      "htmlContent": "晚安",
      "nickname": "老婆",
      "pubtime": "1466000835",
      "replyList": "",
      "ubbContent": "晚安[em]e163[/em]"
    },
    {
      "_id": "6002c984700b0000e60021d0",
      "htmlContent": "晚安",
      "nickname": "老婆",
      "pubtime": "1465916847",
      "replyList": "",
      "ubbContent": "晚安[em]e163[/em]"
    },
    {
      "_id": "6002c984700b0000e60021d1",
      "htmlContent": "晚安",
      "nickname": "老婆",
      "pubtime": "1465826964",
      "replyList": "",
      "ubbContent": "晚安[em]e163[/em]"
    },
    {
      "_id": "6002c984700b0000e60021d2",
      "htmlContent": "晚安",
      "nickname": "老婆",
      "pubtime": "1465743924",
      "replyList": "",
      "ubbContent": "晚安[em]e163[/em]"
    },
    {
      "_id": "6002c984700b0000e60021d3",
      "htmlContent": "晚安",
      "nickname": "老婆",
      "pubtime": "1465653731",
      "replyList": "",
      "ubbContent": "晚安[em]e163[/em]"
    },
    {
      "_id": "6002c984700b0000e60021d4",
      "htmlContent": "晚安",
      "nickname": "老婆",
      "pubtime": "1465400846",
      "replyList": "",
      "ubbContent": "晚安[em]e163[/em]"
    },
    {
      "_id": "6002c984700b0000e60021d5",
      "htmlContent": "晚安",
      "nickname": "老婆",
      "pubtime": "1465312167",
      "replyList": "",
      "ubbContent": "晚安[em]e163[/em]"
    },
    {
      "_id": "6002c984700b0000e60021d6",
      "htmlContent": "晚安",
      "nickname": "老婆",
      "pubtime": "1465224721",
      "replyList": "",
      "ubbContent": "晚安[em]e163[/em]"
    },
    {
      "_id": "6002c984700b0000e60021d7",
      "htmlContent": "晚安",
      "nickname": "老婆",
      "pubtime": "1465141973",
      "replyList": "",
      "ubbContent": "晚安[em]e163[/em]"
    },
    {
      "_id": "6002c984700b0000e60021d8",
      "htmlContent": "晚安",
      "nickname": "老婆",
      "pubtime": "1465055555",
      "replyList": "",
      "ubbContent": "晚安[em]e163[/em]"
    },
    {
      "_id": "6002c984700b0000e60021d9",
      "htmlContent": "晚安",
      "nickname": "老婆",
      "pubtime": "1464967582",
      "replyList": "",
      "ubbContent": "晚安[em]e163[/em]"
    },
    {
      "_id": "6002c984700b0000e60021da",
      "htmlContent": "晚安",
      "nickname": "老婆",
      "pubtime": "1464877846",
      "replyList": "",
      "ubbContent": "晚安[em]e163[/em]"
    },
    {
      "_id": "6002c984700b0000e60021db",
      "htmlContent": "晚安",
      "nickname": "老婆",
      "pubtime": "1464794825",
      "replyList": "",
      "ubbContent": "晚安[em]e163[/em]"
    },
    {
      "_id": "6002c984700b0000e60021dc",
      "htmlContent": "晚安",
      "nickname": "老婆",
      "pubtime": "1464707630",
      "replyList": "",
      "ubbContent": "晚安[em]e163[/em]"
    },
    {
      "_id": "6002c984700b0000e60021dd",
      "htmlContent": "晚安",
      "nickname": "老婆",
      "pubtime": "1464619866",
      "replyList": "",
      "ubbContent": "晚安[em]e163[/em]"
    },
    {
      "_id": "6002c984700b0000e60021de",
      "htmlContent": "宝宝(づ￣&nbsp;³￣)づ",
      "nickname": "老婆",
      "pubtime": "1464274390",
      "replyList": "",
      "ubbContent": "宝宝(づ￣ ³￣)づ"
    },
    {
      "_id": "6002c984700b0000e60021df",
      "htmlContent": "晚安",
      "nickname": "老婆",
      "pubtime": "1464188234",
      "replyList": "",
      "ubbContent": "晚安[em]e400835[/em]"
    },
    {
      "_id": "6002c984700b0000e60021e0",
      "htmlContent": "我要端正我的生活态度，我要做一个拿得起放得下的人，我要做一个坚强的女汉子。",
      "nickname": "老婆",
      "pubtime": "1464066499",
      "replyList": "[ { \"content\" : \"我都不知道你咋了，你也不告诉我\", \"uin\" : 494910887, \"time\" : 1464067234, \"nick\" : \"阿星Plus\" } ]",
      "ubbContent": "我要端正我的生活态度，我要做一个拿得起放得下的人，我要做一个坚强的女汉子。"
    },
    {
      "_id": "6002c984700b0000e60021e1",
      "htmlContent": "噼里啪啦噼里啪啦啦啦啦",
      "nickname": "老婆",
      "pubtime": "1464014665",
      "replyList": "",
      "ubbContent": "噼里啪啦噼里啪啦啦啦啦"
    },
    {
      "_id": "6002c984700b0000e60021e2",
      "htmlContent": "大傻逼",
      "nickname": "老婆",
      "pubtime": "1463888740",
      "replyList": "",
      "ubbContent": "大傻逼"
    },
    {
      "_id": "6002c984700b0000e60021e3",
      "htmlContent": "心悦君兮",
      "nickname": "老婆",
      "pubtime": "1463721894",
      "replyList": "",
      "ubbContent": "心悦君兮[em]e163[/em]"
    },
    {
      "_id": "6002c984700b0000e60021e4",
      "htmlContent": "事不关己高高挂起",
      "nickname": "老婆",
      "pubtime": "1463535507",
      "replyList": "",
      "ubbContent": "事不关己高高挂起"
    },
    {
      "_id": "6002c984700b0000e60021e5",
      "htmlContent": "我要独立！我要独立！我要独立！！！",
      "nickname": "老婆",
      "pubtime": "1463530426",
      "replyList": "",
      "ubbContent": "我要独立！我要独立！我要独立！！！"
    },
    {
      "_id": "6002c984700b0000e60021e6",
      "htmlContent": "宝宝&nbsp;晚安",
      "nickname": "老婆",
      "pubtime": "1463498219",
      "replyList": "",
      "ubbContent": "宝宝 晚安[em]e152[/em]"
    },
    {
      "_id": "6002c984700b0000e60021e7",
      "htmlContent": "逛了逛你的空间，我七十兆流量没啦",
      "nickname": "老婆",
      "pubtime": "1463498202",
      "replyList": "",
      "ubbContent": "逛了逛你的空间，我七十兆流量没啦[em]e400854[/em]"
    },
    {
      "_id": "6002c984700b0000e60021e8",
      "htmlContent": "老公&nbsp;晚安",
      "nickname": "老婆",
      "pubtime": "1463410723",
      "replyList": "",
      "ubbContent": "老公 晚安[em]e178[/em]"
    },
    {
      "_id": "6002c984700b0000e60021e9",
      "htmlContent": "臭星星&nbsp;",
      "nickname": "老婆",
      "pubtime": "1463410696",
      "replyList": "",
      "ubbContent": "臭星星 [em]e152[/em]"
    },
    {
      "_id": "6002c984700b0000e60021eb",
      "htmlContent": "我要碎觉咯&nbsp;&nbsp;星哥&nbsp;快吻我",
      "nickname": "老婆",
      "pubtime": "1463067920",
      "replyList": "",
      "ubbContent": "我要碎觉咯  星哥 快吻我"
    },
    {
      "_id": "6002c984700b0000e60021ec",
      "htmlContent": "刚刚看了阿狸的动画片&nbsp;好好看&nbsp;&nbsp;",
      "nickname": "老婆",
      "pubtime": "1463067895",
      "replyList": "",
      "ubbContent": "刚刚看了阿狸的动画片 好好看  "
    },
    {
      "_id": "6002c984700b0000e60021ed",
      "htmlContent": "是我人生三大目标",
      "nickname": "老婆",
      "pubtime": "1463064291",
      "replyList": "",
      "ubbContent": "是我人生三大目标"
    },
    {
      "_id": "6002c984700b0000e60021ee",
      "htmlContent": "吃饭睡觉打齐星&nbsp;",
      "nickname": "老婆",
      "pubtime": "1463064275",
      "replyList": "",
      "ubbContent": "吃饭睡觉打齐星 "
    },
    {
      "_id": "6002c984700b0000e60021ef",
      "htmlContent": "老公&nbsp;么么～",
      "nickname": "老婆",
      "pubtime": "1462981112",
      "replyList": "",
      "ubbContent": "老公 么么～[em]e152[/em]"
    },
    {
      "_id": "6002c984700b0000e60021f0",
      "htmlContent": "睡不着&nbsp;想抱着你睡",
      "nickname": "老婆",
      "pubtime": "1462895959",
      "replyList": "",
      "ubbContent": "睡不着 想抱着你睡[em]e121[/em]"
    },
    {
      "_id": "6002c984700b0000e60021f1",
      "htmlContent": "大傻逼，我爱你。",
      "nickname": "老婆",
      "pubtime": "1462804385",
      "replyList": "",
      "ubbContent": "大傻逼，我爱你。[em]e400844[/em]"
    },
    {
      "_id": "6002c984700b0000e60021f2",
      "htmlContent": "齐星&nbsp;当我每次跟你很认真的说一些事的时候你都扯开话题，其实吧，我很想了解你很想做那个懂你的人。我觉得有些人吧，你看他再怎么光鲜亮丽其实他的内心总会有一道自己无法逾越的沟。我突然觉得人就是应该大大方方的，不应该太在乎自己心里的想法也不用太在乎别人心里的想法。我觉得我遇到你我很幸运，可能你以前觉得自己不够好，给不了你喜欢的人幸福，我觉得不是你不够好，是你没有遇到那个对的人，我觉得你很好，我觉得我很喜欢你，我也会用我的真心去对待我们这份感情。矫情的话我不说了，我只想好好的经历这份感情，我希望你跟我在一起可以快乐，幸福。爱你的我&nbsp;么么扎",
      "nickname": "老婆",
      "pubtime": "1462719363",
      "replyList": "",
      "ubbContent": "齐星 当我每次跟你很认真的说一些事的时候你都扯开话题，其实吧，我很想了解你很想做那个懂你的人。我觉得有些人吧，你看他再怎么光鲜亮丽其实他的内心总会有一道自己无法逾越的沟。我突然觉得人就是应该大大方方的，不应该太在乎自己心里的想法也不用太在乎别人心里的想法。我觉得我遇到你我很幸运，可能你以前觉得自己不够好，给不了你喜欢的人幸福，我觉得不是你不够好，是你没有遇到那个对的人，我觉得你很好，我觉得我很喜欢你，我也会用我的真心去对待我们这份感情。矫情的话我不说了，我只想好好的经历这份感情，我希望你跟我在一起可以快乐，幸福。爱你的我 么么扎"
    },
    {
      "_id": "6002c984700b0000e60021f3",
      "htmlContent": "告诉你&nbsp;我每天都很想你",
      "nickname": "老婆",
      "pubtime": "1462635475",
      "replyList": "",
      "ubbContent": "告诉你 我每天都很想你"
    },
    {
      "_id": "6002c984700b0000e60021f4",
      "htmlContent": "本宝宝要碎觉了&nbsp;臭星星晚安",
      "nickname": "老婆",
      "pubtime": "1462463723",
      "replyList": "[ { \"content\" : \"好大一只宝宝\", \"uin\" : 494910887, \"time\" : 1462497536, \"nick\" : \"阿星Plus\" } ]",
      "ubbContent": "本宝宝要碎觉了 臭星星晚安"
    },
    {
      "_id": "6002c984700b0000e60021f5",
      "htmlContent": "突然好想你",
      "nickname": "老婆",
      "pubtime": "1462026242",
      "replyList": "",
      "ubbContent": "突然好想你"
    },
    {
      "_id": "6002c984700b0000e60021f6",
      "htmlContent": "想你想你想你",
      "nickname": "老婆",
      "pubtime": "1461857661",
      "replyList": "",
      "ubbContent": "想你想你想你[em]e178[/em]"
    },
    {
      "_id": "6002c984700b0000e60021f9",
      "htmlContent": "今天就忘了",
      "nickname": "老婆",
      "pubtime": "1461164455",
      "replyList": "",
      "ubbContent": "今天就忘了[em]e109[/em]"
    },
    {
      "_id": "6002c984700b0000e60021fa",
      "htmlContent": "昨天学的内容今天就完了，我也是醉了",
      "nickname": "老婆",
      "pubtime": "1461164428",
      "replyList": "",
      "ubbContent": "昨天学的内容今天就完了，我也是醉了[em]e105[/em]"
    },
    {
      "_id": "6002c984700b0000e60021fb",
      "htmlContent": "我起来啦，要去上课了，我是一只可爱的宝宝",
      "nickname": "老婆",
      "pubtime": "1461109759",
      "replyList": "",
      "ubbContent": "我起来啦，要去上课了[em]e400854[/em]，我是一只可爱的宝宝[em]e121[/em]"
    },
    {
      "_id": "6002c984700b0000e60021fc",
      "htmlContent": "好大一只宝宝",
      "nickname": "老婆",
      "pubtime": "1461064362",
      "replyList": "",
      "ubbContent": "好大一只宝宝"
    },
    {
      "_id": "6002c984700b0000e60021ff",
      "htmlContent": "晚安",
      "nickname": "老婆",
      "pubtime": "1460562237",
      "replyList": "",
      "ubbContent": "晚安[em]e152[/em]"
    },
    {
      "_id": "6002c984700b0000e6002200",
      "htmlContent": "我要一直陪着你",
      "nickname": "老婆",
      "pubtime": "1460476898",
      "replyList": "",
      "ubbContent": "我要一直陪着你"
    },
    {
      "_id": "6002c984700b0000e6002201",
      "htmlContent": "生日快乐",
      "nickname": "老婆",
      "pubtime": "1460476884",
      "replyList": "",
      "ubbContent": "生日快乐[em]e163[/em]"
    },
    {
      "_id": "6002c984700b0000e6002202",
      "htmlContent": "好热呀好热呀大太阳",
      "nickname": "老婆",
      "pubtime": "1460336477",
      "replyList": "",
      "ubbContent": "好热呀好热呀大太阳[em]e176[/em]"
    },
    {
      "_id": "6002c984700b0000e6002203",
      "htmlContent": "对于你，我不想讲道理！",
      "nickname": "老婆",
      "pubtime": "1459955967",
      "replyList": "",
      "ubbContent": "对于你，我不想讲道理！[em]e400835[/em]"
    },
    {
      "_id": "6002c984700b0000e6002204",
      "htmlContent": "晚安&nbsp;&nbsp;",
      "nickname": "老婆",
      "pubtime": "1459786700",
      "replyList": "",
      "ubbContent": "晚安  [em]e178[/em]"
    },
    {
      "_id": "6002c984700b0000e6002205",
      "htmlContent": "早安",
      "nickname": "老婆",
      "pubtime": "1459294383",
      "replyList": "",
      "ubbContent": "早安[em]e178[/em]"
    },
    {
      "_id": "6002c984700b0000e6002206",
      "htmlContent": "我也想你一切顺利。",
      "nickname": "老婆",
      "pubtime": "1458747087",
      "replyList": "",
      "ubbContent": "我也想你一切顺利。"
    },
    {
      "_id": "6002c984700b0000e6002207",
      "htmlContent": "我会一直想你。",
      "nickname": "老婆",
      "pubtime": "1458747063",
      "replyList": "",
      "ubbContent": "我会一直想你。"
    },
    {
      "_id": "6002c984700b0000e6002208",
      "htmlContent": "齐星，你会一直在我身边对吗？",
      "nickname": "老婆",
      "pubtime": "1458355780",
      "replyList": "",
      "ubbContent": "齐星，你会一直在我身边对吗？"
    },
    {
      "_id": "6002c984700b0000e6002209",
      "htmlContent": "晚安，么么扎",
      "nickname": "老婆",
      "pubtime": "1457970153",
      "replyList": "",
      "ubbContent": "晚安，么么扎[em]e400846[/em]"
    },
    {
      "_id": "6002c984700b0000e600220a",
      "htmlContent": "报告，我要睡觉了。",
      "nickname": "老婆",
      "pubtime": "1457970135",
      "replyList": "",
      "ubbContent": "报告，我要睡觉了。"
    },
    {
      "_id": "6002c984700b0000e600220b",
      "htmlContent": "早安",
      "nickname": "老婆",
      "pubtime": "1457657094",
      "replyList": "",
      "ubbContent": "早安[em]e401328[/em][em]e178[/em]"
    },
    {
      "_id": "6002c984700b0000e600220c",
      "htmlContent": "齐星，不管怎么样我不会放弃你的。晚安",
      "nickname": "老婆",
      "pubtime": "1457539094",
      "replyList": "",
      "ubbContent": "齐星，不管怎么样我不会放弃你的。晚安[em]e163[/em]"
    },
    {
      "_id": "6002c984700b0000e600220d",
      "htmlContent": "我不想哭了，因为没有你来帮我擦眼泪。",
      "nickname": "老婆",
      "pubtime": "1457539029",
      "replyList": "",
      "ubbContent": "我不想哭了，因为没有你来帮我擦眼泪。"
    },
    {
      "_id": "6002c984700b0000e600220e",
      "htmlContent": "不想分开，我觉得没了你我活不下去。",
      "nickname": "老婆",
      "pubtime": "1457538929",
      "replyList": "",
      "ubbContent": "不想分开，我觉得没了你我活不下去。"
    },
    {
      "_id": "6002c984700b0000e600220f",
      "htmlContent": "星星",
      "nickname": "老婆",
      "pubtime": "1457453989",
      "replyList": "",
      "ubbContent": "星星[em]e178[/em]"
    },
    {
      "_id": "6002c984700b0000e6002210",
      "htmlContent": "星哥，晚安。",
      "nickname": "老婆",
      "pubtime": "1457277543",
      "replyList": "",
      "ubbContent": "星哥，晚安。[em]e178[/em]"
    },
    {
      "_id": "6002c984700b0000e6002213",
      "htmlContent": "星星晚安",
      "nickname": "老婆",
      "pubtime": "1455541268",
      "replyList": "",
      "ubbContent": "星星晚安[em]e152[/em][em]e178[/em]"
    },
    {
      "_id": "6002c984700b0000e6002214",
      "htmlContent": "男票，晚安",
      "nickname": "老婆",
      "pubtime": "1455029191",
      "replyList": "",
      "ubbContent": "男票，晚安[em]e178[/em]"
    },
    {
      "_id": "6002c984700b0000e6002215",
      "htmlContent": "再以后都不想过年了",
      "nickname": "老婆",
      "pubtime": "1454899364",
      "replyList": "",
      "ubbContent": "再以后都不想过年了"
    },
    {
      "_id": "6002c984700b0000e6002216",
      "htmlContent": "新年快乐",
      "nickname": "老婆",
      "pubtime": "1454860848",
      "replyList": "",
      "ubbContent": "新年快乐"
    },
    {
      "_id": "6002c984700b0000e6002217",
      "htmlContent": "除夕快乐",
      "nickname": "老婆",
      "pubtime": "1454842083",
      "replyList": "",
      "ubbContent": "除夕快乐[em]e163[/em]"
    },
    {
      "_id": "6002c984700b0000e6002218",
      "htmlContent": "早安，么么哒",
      "nickname": "老婆",
      "pubtime": "1454717689",
      "replyList": "",
      "ubbContent": "早安，么么哒[em]e152[/em]"
    },
    {
      "_id": "6002c984700b0000e6002219",
      "htmlContent": "老公，我爱你。",
      "nickname": "老婆",
      "pubtime": "1454689480",
      "replyList": "",
      "ubbContent": "老公，我爱你。[em]e400846[/em]"
    },
    {
      "_id": "6002c984700b0000e600221b",
      "htmlContent": "齐星我爱你",
      "nickname": "老婆",
      "pubtime": "1454590485",
      "replyList": "",
      "ubbContent": "齐星我爱你"
    },
    {
      "_id": "6002c984700b0000e600221c",
      "htmlContent": "<img src=\"http://qzonestyle.gtimg.cn/qzone/em/recommendedImages/063.gif\" width=\"100\" height=\"100\">",
      "nickname": "老婆",
      "pubtime": "1454588971",
      "replyList": "",
      "ubbContent": "[img,100,100]http://qzonestyle.gtimg.cn/qzone/em/recommendedImages/063.gif[/img]"
    },
    {
      "_id": "6002c984700b0000e600221d",
      "htmlContent": "晚上睡觉盖好被子，喵喵哒～晚安",
      "nickname": "老婆",
      "pubtime": "1454330302",
      "replyList": "",
      "ubbContent": "晚上睡觉盖好被子，喵喵哒～晚安[em]e178[/em]"
    },
    {
      "_id": "6002c984700b0000e600221e",
      "htmlContent": "我爸吼我了，好委屈",
      "nickname": "老婆",
      "pubtime": "1454320395",
      "replyList": "[ { \"content\" : \"抱抱你\", \"uin\" : 494910887, \"time\" : 1454325294, \"nick\" : \"阿星Plus\" } ]",
      "ubbContent": "我爸吼我了，好委屈[em]e400857[/em]"
    },
    {
      "_id": "6002c984700b0000e600221f",
      "htmlContent": "你在我心安",
      "nickname": "老婆",
      "pubtime": "1454250629",
      "replyList": "",
      "ubbContent": "你在我心安[em]e166[/em]"
    },
    {
      "_id": "6002c984700b0000e6002220",
      "htmlContent": "早上好",
      "nickname": "老婆",
      "pubtime": "1454205113",
      "replyList": "",
      "ubbContent": "早上好[em]e121[/em]"
    },
    {
      "_id": "6002c984700b0000e6002221",
      "htmlContent": "我给你阳光",
      "nickname": "老婆",
      "pubtime": "1454180049",
      "replyList": "",
      "ubbContent": "我给你阳光[em]e176[/em]"
    },
    {
      "_id": "6002c984700b0000e6002222",
      "htmlContent": "我也想你",
      "nickname": "老婆",
      "pubtime": "1454180020",
      "replyList": "",
      "ubbContent": "我也想你[em]e163[/em]"
    },
    {
      "_id": "6002c984700b0000e6002223",
      "htmlContent": "睡了一觉头疼好点了吗",
      "nickname": "老婆",
      "pubtime": "1454119706",
      "replyList": "",
      "ubbContent": "睡了一觉头疼好点了吗[em]e121012[/em]"
    },
    {
      "_id": "6002c984700b0000e6002225",
      "htmlContent": "我告诉别人我对你中毒已深，我希望，我真的希望我们不像很多人一样最后分手了，我希望有我们的未来，我也说，如果有一天你离开我了，我会哭的非常伤心，不知道会不会想不开。我爱你",
      "nickname": "老婆",
      "pubtime": "1453992657",
      "replyList": "[ { \"content\" : \"傻瓜，我也爱你，别多想，我不会离开你的。\", \"uin\" : 494910887, \"time\" : 1453992734, \"nick\" : \"阿星Plus\" } ]",
      "ubbContent": "我告诉别人我对你中毒已深，我希望，我真的希望我们不像很多人一样最后分手了，我希望有我们的未来，我也说，如果有一天你离开我了，我会哭的非常伤心，不知道会不会想不开。我爱你[em]e178[/em]"
    },
    {
      "_id": "6002c984700b0000e6002226",
      "htmlContent": "冬天的太阳是冰箱里的灯",
      "nickname": "老婆",
      "pubtime": "1453864634",
      "replyList": "",
      "ubbContent": "冬天的太阳是冰箱里的灯[em]e401328[/em][em]e400384[/em][em]e400635[/em]"
    },
    {
      "_id": "6002c984700b0000e6002227",
      "htmlContent": "大太阳，早",
      "nickname": "老婆",
      "pubtime": "1453770541",
      "replyList": "",
      "ubbContent": "大太阳，早[em]e176[/em]"
    },
    {
      "_id": "6002c984700b0000e6002228",
      "htmlContent": "晚安",
      "nickname": "老婆",
      "pubtime": "1453738398",
      "replyList": "",
      "ubbContent": "晚安[em]e152[/em]"
    },
    {
      "_id": "6002c984700b0000e6002229",
      "htmlContent": "男神欧巴，早安",
      "nickname": "老婆",
      "pubtime": "1453689527",
      "replyList": "",
      "ubbContent": "男神欧巴，早安[em]e176[/em]"
    },
    {
      "_id": "6002c984700b0000e600222a",
      "htmlContent": "我在家跟我妈吵架我妈说我没良心",
      "nickname": "老婆",
      "pubtime": "1453641358",
      "replyList": "",
      "ubbContent": "我在家跟我妈吵架我妈说我没良心"
    },
    {
      "_id": "6002c984700b0000e600222b",
      "htmlContent": "小星是我的",
      "nickname": "老婆",
      "pubtime": "1453563604",
      "replyList": "",
      "ubbContent": "小星是我的[em]e400848[/em]"
    },
    {
      "_id": "6002c984700b0000e600222c",
      "htmlContent": "宝宝好冷，给我抱抱",
      "nickname": "老婆",
      "pubtime": "1453453146",
      "replyList": "",
      "ubbContent": "宝宝好冷，给我抱抱[em]e178[/em]"
    },
    {
      "_id": "6002c984700b0000e600222d",
      "htmlContent": "我的眼光有你的方向",
      "nickname": "老婆",
      "pubtime": "1453384620",
      "replyList": "",
      "ubbContent": "我的眼光有你的方向[em]e178[/em]"
    },
    {
      "_id": "6002c984700b0000e600222e",
      "htmlContent": "天天说我爱你你会不会觉得腻",
      "nickname": "老婆",
      "pubtime": "1453383791",
      "replyList": "",
      "ubbContent": "天天说我爱你你会不会觉得腻"
    },
    {
      "_id": "6002c984700b0000e600222f",
      "htmlContent": "我家星哥抱我",
      "nickname": "老婆",
      "pubtime": "1453301898",
      "replyList": "",
      "ubbContent": "我家星哥抱我"
    },
    {
      "_id": "6002c984700b0000e6002230",
      "htmlContent": "晚安宝宝",
      "nickname": "老婆",
      "pubtime": "1453214173",
      "replyList": "",
      "ubbContent": "晚安宝宝[em]e400837[/em]"
    },
    {
      "_id": "6002c984700b0000e6002231",
      "htmlContent": "我们会一直幸福下去",
      "nickname": "老婆",
      "pubtime": "1453133028",
      "replyList": "",
      "ubbContent": "我们会一直幸福下去"
    },
    {
      "_id": "6002c984700b0000e6002232",
      "htmlContent": "星宝",
      "nickname": "老婆",
      "pubtime": "1453131218",
      "replyList": "",
      "ubbContent": "星宝"
    },
    {
      "_id": "6002c984700b0000e6002233",
      "htmlContent": "男神欧巴，么么扎",
      "nickname": "老婆",
      "pubtime": "1453083642",
      "replyList": "",
      "ubbContent": "男神欧巴，么么扎[em]e152[/em]"
    },
    {
      "_id": "6002c984700b0000e6002234",
      "htmlContent": "男神，撒浪嘿呦",
      "nickname": "老婆",
      "pubtime": "1453041198",
      "replyList": "[ { \"content\" : \"撒浪嘿呦 too\", \"uin\" : 494910887, \"time\" : 1453041297, \"nick\" : \"阿星Plus\" } ]",
      "ubbContent": "男神，撒浪嘿呦[em]e106[/em]"
    },
    {
      "_id": "6002c984700b0000e6002236",
      "htmlContent": "星哥，早安",
      "nickname": "老婆",
      "pubtime": "1452728925",
      "replyList": "",
      "ubbContent": "星哥，早安[em]e152[/em]"
    },
    {
      "_id": "6002c984700b0000e6002237",
      "htmlContent": "我想你",
      "nickname": "老婆",
      "pubtime": "1452617404",
      "replyList": "",
      "ubbContent": "我想你"
    },
    {
      "_id": "6002c984700b0000e6002238",
      "htmlContent": "星哥，我爱你",
      "nickname": "老婆",
      "pubtime": "1452438198",
      "replyList": "",
      "ubbContent": "星哥，我爱你[em]e400846[/em]"
    },
    {
      "_id": "6002c984700b0000e6002239",
      "htmlContent": "I&nbsp;&nbsp;&nbsp;Love&nbsp;&nbsp;You",
      "nickname": "老婆",
      "pubtime": "1452412911",
      "replyList": "",
      "ubbContent": "I   Love  You[em]e163[/em]"
    },
    {
      "_id": "6002c984700b0000e600223a",
      "htmlContent": "星哥，早安",
      "nickname": "老婆",
      "pubtime": "1452365559",
      "replyList": "",
      "ubbContent": "星哥，早安[em]e178[/em]"
    },
    {
      "_id": "6002c984700b0000e600223b",
      "htmlContent": "小星星，早安",
      "nickname": "老婆",
      "pubtime": "1452275750",
      "replyList": "",
      "ubbContent": "小星星，早安[em]e106[/em]"
    },
    {
      "_id": "6002c984700b0000e600223c",
      "htmlContent": "我爱齐星欧巴",
      "nickname": "老婆",
      "pubtime": "1452005042",
      "replyList": "",
      "ubbContent": "我爱齐星欧巴[em]e152[/em]"
    },
    {
      "_id": "6002c984700b0000e600223d",
      "htmlContent": "我的人生有三大事，那就是：吃饭睡觉打齐星",
      "nickname": "老婆",
      "pubtime": "1451905156",
      "replyList": "",
      "ubbContent": "我的人生有三大事，那就是：吃饭睡觉打齐星"
    },
    {
      "_id": "6002c984700b0000e600223e",
      "htmlContent": "为你，千千万万遍。",
      "nickname": "老婆",
      "pubtime": "1451830034",
      "replyList": "",
      "ubbContent": "为你，千千万万遍。"
    },
    {
      "_id": "6002c984700b0000e600223f",
      "htmlContent": "早安",
      "nickname": "老婆",
      "pubtime": "1451756972",
      "replyList": "",
      "ubbContent": "早安"
    },
    {
      "_id": "6002c984700b0000e6002240",
      "htmlContent": "晚安",
      "nickname": "老婆",
      "pubtime": "1451666045",
      "replyList": "",
      "ubbContent": "晚安"
    },
    {
      "_id": "6002c984700b0000e6002241",
      "htmlContent": "Hello&nbsp;&nbsp;齐星",
      "nickname": "老婆",
      "pubtime": "1451632172",
      "replyList": "",
      "ubbContent": "Hello  齐星"
    },
    {
      "_id": "6002c984700b0000e6002242",
      "htmlContent": "Merry&nbsp;Christmas",
      "nickname": "老婆",
      "pubtime": "1450999696",
      "replyList": "",
      "ubbContent": "Merry Christmas[em]e121009[/em]"
    },
    {
      "_id": "6002c984700b0000e6002243",
      "htmlContent": "星哥，平平安安，陪我久久",
      "nickname": "老婆",
      "pubtime": "1450967332",
      "replyList": "",
      "ubbContent": "星哥，平平安安，陪我久久[em]e163[/em]"
    },
    {
      "_id": "6002c984700b0000e6002244",
      "htmlContent": "跟我走吧，天亮就出发",
      "nickname": "老婆",
      "pubtime": "1450627706",
      "replyList": "",
      "ubbContent": "跟我走吧，天亮就出发[em]e129[/em]"
    },
    {
      "_id": "6002c984700b0000e6002245",
      "htmlContent": "早安",
      "nickname": "老婆",
      "pubtime": "1450394382",
      "replyList": "",
      "ubbContent": "早安"
    },
    {
      "_id": "6002c984700b0000e6002246",
      "htmlContent": "晚安",
      "nickname": "老婆",
      "pubtime": "1450366057",
      "replyList": "",
      "ubbContent": "晚安[em]e178[/em]"
    },
    {
      "_id": "6002c984700b0000e6002247",
      "htmlContent": "阳光明媚",
      "nickname": "老婆",
      "pubtime": "1450248726",
      "replyList": "",
      "ubbContent": "阳光明媚[em]e176[/em]"
    },
    {
      "_id": "6002c984700b0000e6002248",
      "htmlContent": "每逢下雨倍思床",
      "nickname": "老婆",
      "pubtime": "1449968675",
      "replyList": "[ { \"content\" : \"我被床封印了\", \"uin\" : 494910887, \"time\" : 1449973838, \"nick\" : \"阿星Plus\" } ]",
      "ubbContent": "每逢下雨倍思床[em]e121022[/em]"
    },
    {
      "_id": "6002c984700b0000e6002249",
      "htmlContent": "晚安",
      "nickname": "老婆",
      "pubtime": "1449673501",
      "replyList": "",
      "ubbContent": "晚安[em]e175[/em]"
    },
    {
      "_id": "6002c984700b0000e600224c",
      "htmlContent": "晚安",
      "nickname": "老婆",
      "pubtime": "1448040641",
      "replyList": "",
      "ubbContent": "晚安"
    },
    {
      "_id": "6002c984700b0000e600224d",
      "htmlContent": "老是下雨，下下下",
      "nickname": "老婆",
      "pubtime": "1447942331",
      "replyList": "",
      "ubbContent": "老是下雨，下下下[em]e400842[/em]"
    },
    {
      "_id": "6002c984700b0000e600224e",
      "htmlContent": "即使是下雨天，我也不怕，因为你是我的小太阳",
      "nickname": "老婆",
      "pubtime": "1447718061",
      "replyList": "",
      "ubbContent": "即使是下雨天，我也不怕，因为你是我的小太阳[em]e176[/em]"
    },
    {
      "_id": "6002c984700b0000e600224f",
      "htmlContent": "早安",
      "nickname": "老婆",
      "pubtime": "1447718021",
      "replyList": "",
      "ubbContent": "早安[em]e163[/em]"
    },
    {
      "_id": "6002c984700b0000e6002250",
      "htmlContent": "我相信只要用心做一件事一定会成功的。",
      "nickname": "老婆",
      "pubtime": "1447087917",
      "replyList": "[ { \"content\" : \"我也信\", \"uin\" : 494910887, \"time\" : 1447087958, \"nick\" : \"阿星Plus\" } ]",
      "ubbContent": "我相信只要用心做一件事一定会成功的。"
    },
    {
      "_id": "6002c984700b0000e6002251",
      "htmlContent": "晚安",
      "nickname": "老婆",
      "pubtime": "1446820943",
      "replyList": "",
      "ubbContent": "晚安[em]e178[/em]"
    },
    {
      "_id": "6002c984700b0000e6002252",
      "htmlContent": "正能量是个好东西",
      "nickname": "老婆",
      "pubtime": "1446567000",
      "replyList": "",
      "ubbContent": "正能量是个好东西"
    },
    {
      "_id": "6002c984700b0000e6002253",
      "htmlContent": "好安静的深夜",
      "nickname": "老婆",
      "pubtime": "1446314502",
      "replyList": "",
      "ubbContent": "好安静的深夜[em]e175[/em]"
    },
    {
      "_id": "6002c984700b0000e6002254",
      "htmlContent": "早安",
      "nickname": "老婆",
      "pubtime": "1445808951",
      "replyList": "",
      "ubbContent": "早安[em]e176[/em]"
    },
    {
      "_id": "6002c984700b0000e6002255",
      "htmlContent": "晚安晚安晚安",
      "nickname": "老婆",
      "pubtime": "1445700797",
      "replyList": "",
      "ubbContent": "晚安晚安晚安"
    },
    {
      "_id": "6002c984700b0000e6002256",
      "htmlContent": "早，我醒了",
      "nickname": "老婆",
      "pubtime": "1445642528",
      "replyList": "",
      "ubbContent": "早，我醒了[em]e328563[/em]"
    },
    {
      "_id": "6002c984700b0000e6002257",
      "htmlContent": "晚安",
      "nickname": "老婆",
      "pubtime": "1445529926",
      "replyList": "",
      "ubbContent": "晚安[em]e178[/em]"
    },
    {
      "_id": "6002c984700b0000e6002258",
      "htmlContent": "早安",
      "nickname": "老婆",
      "pubtime": "1445466168",
      "replyList": "",
      "ubbContent": "早安[em]e176[/em]"
    },
    {
      "_id": "6002c984700b0000e6002259",
      "htmlContent": "加油。",
      "nickname": "老婆",
      "pubtime": "1445175163",
      "replyList": "",
      "ubbContent": "加油。"
    },
    {
      "_id": "6002c984700b0000e600225a",
      "htmlContent": "晚安",
      "nickname": "老婆",
      "pubtime": "1444920387",
      "replyList": "",
      "ubbContent": "晚安[em]e199[/em]"
    },
    {
      "_id": "6002c984700b0000e600225b",
      "htmlContent": "晚安",
      "nickname": "老婆",
      "pubtime": "1444136708",
      "replyList": "",
      "ubbContent": "晚安"
    },
    {
      "_id": "6002c984700b0000e600225c",
      "htmlContent": "下了一天的雨，心好累啊",
      "nickname": "老婆",
      "pubtime": "1444136699",
      "replyList": "",
      "ubbContent": "下了一天的雨，心好累啊"
    },
    {
      "_id": "6002c984700b0000e600225d",
      "htmlContent": "晚安，星哥",
      "nickname": "老婆",
      "pubtime": "1443796827",
      "replyList": "",
      "ubbContent": "晚安，星哥"
    },
    {
      "_id": "6002c984700b0000e600225e",
      "htmlContent": "早安",
      "nickname": "老婆",
      "pubtime": "1443743871",
      "replyList": "",
      "ubbContent": "早安"
    },
    {
      "_id": "6002c984700b0000e600225f",
      "htmlContent": "晚安",
      "nickname": "老婆",
      "pubtime": "1443709890",
      "replyList": "",
      "ubbContent": "晚安[em]e328522[/em]"
    },
    {
      "_id": "6002c984700b0000e6002260",
      "htmlContent": "晚安咯",
      "nickname": "老婆",
      "pubtime": "1443099741",
      "replyList": "",
      "ubbContent": "晚安咯"
    },
    {
      "_id": "6002c984700b0000e6002261",
      "htmlContent": "我来请安",
      "nickname": "老婆",
      "pubtime": "1442877528",
      "replyList": "",
      "ubbContent": "我来请安[em]e176[/em]"
    },
    {
      "_id": "6002c984700b0000e6002262",
      "htmlContent": "深得你爱",
      "nickname": "老婆",
      "pubtime": "1442529966",
      "replyList": "",
      "ubbContent": "深得你爱[em]e400824[/em]"
    },
    {
      "_id": "6002c984700b0000e6002263",
      "htmlContent": "这个夜好漫长，睡不着",
      "nickname": "老婆",
      "pubtime": "1440099954",
      "replyList": "",
      "ubbContent": "这个夜好漫长[em]e328532[/em]，睡不着"
    },
    {
      "_id": "6002c984700b0000e6002264",
      "htmlContent": "我要学会稳重。",
      "nickname": "老婆",
      "pubtime": "1439820411",
      "replyList": "",
      "ubbContent": "我要学会稳重。"
    },
    {
      "_id": "6002c984700b0000e6002265",
      "htmlContent": "晚安。",
      "nickname": "老婆",
      "pubtime": "1439128626",
      "replyList": "",
      "ubbContent": "晚安。"
    },
    {
      "_id": "6002c984700b0000e6002266",
      "htmlContent": "你是独一无二的。",
      "nickname": "老婆",
      "pubtime": "1439005449",
      "replyList": "",
      "ubbContent": "你是独一无二的。[em]e328524[/em]"
    },
    {
      "_id": "6002c984700b0000e6002267",
      "htmlContent": "wanan",
      "nickname": "老婆",
      "pubtime": "1438702705",
      "replyList": "",
      "ubbContent": "wanan"
    },
    {
      "_id": "6002c984700b0000e6002268",
      "htmlContent": "早安，我睡不着了。",
      "nickname": "老婆",
      "pubtime": "1438536637",
      "replyList": "",
      "ubbContent": "早安，我睡不着了。"
    },
    {
      "_id": "6002c984700b0000e6002269",
      "htmlContent": "晚安",
      "nickname": "老婆",
      "pubtime": "1438528387",
      "replyList": "",
      "ubbContent": "晚安"
    },
    {
      "_id": "6002c984700b0000e600226a",
      "htmlContent": "去年的今天是七夕。",
      "nickname": "老婆",
      "pubtime": "1438483211",
      "replyList": "",
      "ubbContent": "去年的今天是七夕。"
    },
    {
      "_id": "6002c984700b0000e600226b",
      "htmlContent": "the   weather   is    so    hot   晚安。",
      "nickname": "老婆",
      "pubtime": "1438352369",
      "replyList": "",
      "ubbContent": "the   weather   is    so    hot   晚安。"
    },
    {
      "_id": "6002c984700b0000e600226c",
      "htmlContent": "其实生活中有很多事情的发生我们都说不清为什么，在你心情不好的时候，我多想替你分担一点。但我发现什么都做不了。睡觉是对一天劳累最好的回报。晚安，好梦。",
      "nickname": "老婆",
      "pubtime": "1438180233",
      "replyList": "",
      "ubbContent": "其实生活中有很多事情的发生我们都说不清为什么，在你心情不好的时候，我多想替你分担一点。但我发现什么都做不了。睡觉是对一天劳累最好的回报。晚安，好梦。"
    },
    {
      "_id": "6002c984700b0000e600226d",
      "htmlContent": "早安。",
      "nickname": "老婆",
      "pubtime": "1438130159",
      "replyList": "",
      "ubbContent": "早安。"
    },
    {
      "_id": "6002c984700b0000e600226e",
      "htmlContent": "看我的头像是不是非常blingbling,有凉爽的感觉",
      "nickname": "老婆",
      "pubtime": "1438047943",
      "replyList": "",
      "ubbContent": "看我的头像是不是非常blingbling,有凉爽的感觉"
    },
    {
      "_id": "6002c984700b0000e600226f",
      "htmlContent": "早安，在武汉等我",
      "nickname": "老婆",
      "pubtime": "1437873089",
      "replyList": "",
      "ubbContent": "早安，在武汉等我"
    },
    {
      "_id": "6002c984700b0000e6002270",
      "htmlContent": "想你的时候，看着聊天记录、那是发自内心的笑",
      "nickname": "老婆",
      "pubtime": "1437699428",
      "replyList": "",
      "ubbContent": "[ft=#ee1d24,1,Tahoma][M]想你的时候，看着聊天记录、那是发自内心的笑[/M][/ft]"
    },
    {
      "_id": "6002c984700b0000e6002271",
      "htmlContent": "早安~",
      "nickname": "老婆",
      "pubtime": "1437603562",
      "replyList": "",
      "ubbContent": "早安~"
    },
    {
      "_id": "6002c984700b0000e6002272",
      "htmlContent": "雨下整夜了，是谁感动了上天",
      "nickname": "老婆",
      "pubtime": "1437603554",
      "replyList": "[ { \"content\" : \"我\", \"uin\" : 494910887, \"time\" : 1437614905, \"nick\" : \"阿星Plus\" } ]",
      "ubbContent": "雨下整夜了，是谁感动了上天"
    },
    {
      "_id": "6002c984700b0000e6002273",
      "htmlContent": "晚安",
      "nickname": "老婆",
      "pubtime": "1437579716",
      "replyList": "",
      "ubbContent": "晚安"
    },
    {
      "_id": "6002c984700b0000e6002274",
      "htmlContent": "站在最显眼的地方",
      "nickname": "老婆",
      "pubtime": "1437579674",
      "replyList": "",
      "ubbContent": "站在最显眼的地方"
    },
    {
      "_id": "6002c984700b0000e6002275",
      "htmlContent": "晚安",
      "nickname": "老婆",
      "pubtime": "1437488947",
      "replyList": "",
      "ubbContent": "晚安"
    },
    {
      "_id": "6002c984700b0000e6002276",
      "htmlContent": "陪伴是最长情的告白。",
      "nickname": "老婆",
      "pubtime": "1437488938",
      "replyList": "",
      "ubbContent": "陪伴是最长情的告白。"
    },
    {
      "_id": "6002c984700b0000e6002277",
      "htmlContent": "晚安",
      "nickname": "老婆",
      "pubtime": "1437401919",
      "replyList": "",
      "ubbContent": "晚安"
    },
    {
      "_id": "6002c984700b0000e6002278",
      "htmlContent": "我爱提子",
      "nickname": "老婆",
      "pubtime": "1437401914",
      "replyList": "",
      "ubbContent": "我爱提子"
    },
    {
      "_id": "6002c984700b0000e6002279",
      "htmlContent": "晚安，早睡~",
      "nickname": "老婆",
      "pubtime": "1437317040",
      "replyList": "",
      "ubbContent": "晚安，早睡~"
    },
    {
      "_id": "6002c984700b0000e600227a",
      "htmlContent": "晚安",
      "nickname": "老婆",
      "pubtime": "1437141084",
      "replyList": "",
      "ubbContent": "晚安"
    },
    {
      "_id": "6002c984700b0000e600227b",
      "htmlContent": "晚安呦",
      "nickname": "老婆",
      "pubtime": "1437056890",
      "replyList": "[ { \"content\" : \"嗯\", \"uin\" : 494910887, \"time\" : 1437056909, \"nick\" : \"阿星Plus\" } ]",
      "ubbContent": "晚安呦"
    },
    {
      "_id": "6002c984700b0000e600227c",
      "htmlContent": "阴天快乐，早~",
      "nickname": "老婆",
      "pubtime": "1437003806",
      "replyList": "",
      "ubbContent": "阴天快乐，早~"
    },
    {
      "_id": "6002c984700b0000e600227d",
      "htmlContent": "睡觉，晚安~",
      "nickname": "老婆",
      "pubtime": "1436971306",
      "replyList": "",
      "ubbContent": "睡觉，晚安~"
    },
    {
      "_id": "6002c984700b0000e600227e",
      "htmlContent": "我还没睡醒，早安~",
      "nickname": "老婆",
      "pubtime": "1436913130",
      "replyList": "[ { \"content\" : \"真早\", \"uin\" : 494910887, \"time\" : 1436922847, \"nick\" : \"阿星Plus\" } ]",
      "ubbContent": "我还没睡醒，早安~"
    },
    {
      "_id": "6002c984700b0000e600227f",
      "htmlContent": "大早上醒了又在下雨",
      "nickname": "老婆",
      "pubtime": "1436913112",
      "replyList": "",
      "ubbContent": "大早上醒了又在下雨[em]e101[/em]"
    },
    {
      "_id": "6002c984700b0000e6002280",
      "htmlContent": "晚安",
      "nickname": "老婆",
      "pubtime": "1436880291",
      "replyList": "",
      "ubbContent": "晚安"
    },
    {
      "_id": "6002c984700b0000e6002281",
      "htmlContent": "比起下雨天我更喜欢晴天",
      "nickname": "老婆",
      "pubtime": "1436880285",
      "replyList": "",
      "ubbContent": "比起下雨天我更喜欢晴天"
    },
    {
      "_id": "6002c984700b0000e6002282",
      "htmlContent": "早安~",
      "nickname": "老婆",
      "pubtime": "1436832741",
      "replyList": "[ { \"content\" : \"早\", \"uin\" : 494910887, \"time\" : 1436832820, \"nick\" : \"阿星Plus\" } ]",
      "ubbContent": "早安~"
    },
    {
      "_id": "6002c984700b0000e6002283",
      "htmlContent": "晚安",
      "nickname": "老婆",
      "pubtime": "1436796859",
      "replyList": "",
      "ubbContent": "晚安"
    },
    {
      "_id": "6002c984700b0000e6002284",
      "htmlContent": "晚安",
      "nickname": "老婆",
      "pubtime": "1436620636",
      "replyList": "",
      "ubbContent": "晚安"
    },
    {
      "_id": "6002c984700b0000e6002285",
      "htmlContent": "晚安",
      "nickname": "老婆",
      "pubtime": "1436537917",
      "replyList": "[ { \"content\" : \"晚安\", \"uin\" : 494910887, \"time\" : 1436539691, \"nick\" : \"阿星Plus\" } ]",
      "ubbContent": "晚安"
    },
    {
      "_id": "6002c984700b0000e6002286",
      "htmlContent": "早安",
      "nickname": "老婆",
      "pubtime": "1436482598",
      "replyList": "[ { \"content\" : \"早\", \"uin\" : 494910887, \"time\" : 1436489033, \"nick\" : \"阿星Plus\" } ]",
      "ubbContent": "早安[em]e176[/em]"
    },
    {
      "_id": "6002c984700b0000e6002287",
      "htmlContent": "我一般不给别人留言，你是第一个",
      "nickname": "老婆",
      "pubtime": "1436482579",
      "replyList": "",
      "ubbContent": "我一般不给别人留言，你是第一个[em]e122[/em]"
    },
    {
      "_id": "6002c984700b0000e6002288",
      "htmlContent": "晚安咯",
      "nickname": "老婆",
      "pubtime": "1436455982",
      "replyList": "[ { \"content\" : \"嗯，晚安\", \"uin\" : 494910887, \"time\" : 1436456001, \"nick\" : \"阿星Plus\" } ]",
      "ubbContent": "晚安咯[em]e175[/em]"
    },
    {
      "_id": "6002c984700b0000e6002289",
      "htmlContent": "栀子花开呀开~",
      "nickname": "老婆",
      "pubtime": "1436455946",
      "replyList": "[ { \"content\" : \"栀子花开过了，\", \"uin\" : 494910887, \"time\" : 1436456014, \"nick\" : \"阿星Plus\" } ]",
      "ubbContent": "栀子花开呀开~"
    },
    {
      "_id": "6002c984700b0000e600228a",
      "htmlContent": "晚安吗&nbsp;&nbsp;&nbsp;早睡",
      "nickname": "老婆",
      "pubtime": "1436280452",
      "replyList": "[ { \"content\" : \"好\", \"uin\" : 494910887, \"time\" : 1436317461, \"nick\" : \"阿星Plus\" } ]",
      "ubbContent": "晚安吗[em]e175[/em]   早睡"
    },
    {
      "_id": "6002c984700b0000e600228b",
      "htmlContent": "手机就要没电了，我就来留言了",
      "nickname": "老婆",
      "pubtime": "1436280416",
      "replyList": "",
      "ubbContent": "手机就要没电了，我就来留言了"
    },
    {
      "_id": "6002c984700b0000e600228c",
      "htmlContent": "怪我咯",
      "nickname": "老婆",
      "pubtime": "1436280388",
      "replyList": "[ { \"content\" : \"怪我\", \"uin\" : 494910887, \"time\" : 1436317451, \"nick\" : \"阿星Plus\" } ]",
      "ubbContent": "怪我咯"
    },
    {
      "_id": "6002c984700b0000e600228d",
      "htmlContent": "快去回踩留言",
      "nickname": "老婆",
      "pubtime": "1436280377",
      "replyList": "",
      "ubbContent": "快去回踩留言[em]e129[/em]"
    },
    {
      "_id": "6002c984700b0000e600228e",
      "htmlContent": "手机从一米多高的地方掉了下去，竟然还是好的，屏也没碎",
      "nickname": "老婆",
      "pubtime": "1436258382",
      "replyList": "[ { \"content\" : \"好厉害\", \"uin\" : 494910887, \"time\" : 1436260819, \"nick\" : \"阿星Plus\" } ]",
      "ubbContent": "手机从一米多高的地方掉了下去，竟然还是好的，屏也没碎[em]e113[/em]"
    },
    {
      "_id": "6002c984700b0000e600228f",
      "htmlContent": "突然发现我前天跟你留言的时间跟今天跟你留言的时间是一样的",
      "nickname": "老婆",
      "pubtime": "1436258307",
      "replyList": "",
      "ubbContent": "突然发现我前天跟你留言的时间跟今天跟你留言的时间是一样的"
    },
    {
      "_id": "6002c984700b0000e6002290",
      "htmlContent": "你起床的时间挺规律的",
      "nickname": "老婆",
      "pubtime": "1436230129",
      "replyList": "[ { \"content\" : \"这都被你发现了\", \"uin\" : 494910887, \"time\" : 1436233665, \"nick\" : \"阿星Plus\" } ]",
      "ubbContent": "你起床的时间挺规律的[em]e151[/em]"
    },
    {
      "_id": "6002c984700b0000e6002291",
      "htmlContent": "突然觉得大学生活好短暂，",
      "nickname": "老婆",
      "pubtime": "1436057284",
      "replyList": "[ { \"content\" : \"怎么了\", \"uin\" : 494910887, \"time\" : 1436058141, \"nick\" : \"阿星Plus\" }, { \"content\" : \"人家上四年我只能上两年\", \"uin\" : 1368802693, \"time\" : 1436058372, \"nick\" : \"老婆\" }, { \"content\" : \"可以上3年也行\", \"uin\" : 494910887, \"time\" : 1436058557, \"nick\" : \"阿星Plus\" } ]",
      "ubbContent": "突然觉得大学生活好短暂，"
    },
    {
      "_id": "6002c984700b0000e6002292",
      "htmlContent": "你傻啊",
      "nickname": "老婆",
      "pubtime": "1435542005",
      "replyList": "[ { \"content\" : \"。。。哪里傻\", \"uin\" : 494910887, \"time\" : 1435544526, \"nick\" : \"阿星Plus\" }, { \"content\" : \"哪里都傻\", \"uin\" : 1368802693, \"time\" : 1435544635, \"nick\" : \"老婆\" }, { \"content\" : \"。。。\", \"uin\" : 494910887, \"time\" : 1435544951, \"nick\" : \"阿星Plus\" }, { \"content\" : \"哈哈\", \"uin\" : 1368802693, \"time\" : 1435545202, \"nick\" : \"老婆\" } ]",
      "ubbContent": "你傻啊"
    },
    {
      "_id": "6002c984700b0000e6002293",
      "htmlContent": "<img src=\"https://qzs.qq.com/qzone/em/e120.gif\"><wbr>",
      "nickname": "老婆",
      "pubtime": "1435475633",
      "replyList": "[ { \"content\" : \"笑什么\", \"uin\" : 494910887, \"time\" : 1435476241, \"nick\" : \"阿星Plus\" }, { \"content\" : \"喜欢\", \"uin\" : 1368802693, \"time\" : 1435476315, \"nick\" : \"老婆\" }, { \"content\" : \"谁？\", \"uin\" : 494910887, \"time\" : 1435476374, \"nick\" : \"阿星Plus\" }, { \"content\" : \"你管\", \"uin\" : 1368802693, \"time\" : 1435476470, \"nick\" : \"老婆\" }, { \"content\" : \"你管是谁\", \"uin\" : 494910887, \"time\" : 1435476551, \"nick\" : \"阿星Plus\" } ]",
      "ubbContent": "[em]e120[/em]"
    }
  ]
}