[
  {
    "alias": "netcore",
    "name": ".NET Core"
  },
  {
    "alias": "python",
    "name": "Python"
  },
  {
    "alias": "network-request",
    "name": "网络请求"
  },
  {
    "alias": "http",
    "name": "HTTP"
  },
  {
    "alias": "get",
    "name": "GET"
  },
  {
    "alias": "post",
    "name": "POST"
  },
  {
    "alias": "urllib",
    "name": "urllib"
  },
  {
    "alias": "ip",
    "name": "ip代理"
  },
  {
    "alias": "cookie",
    "name": "cookie"
  },
  {
    "alias": "requests",
    "name": "requests"
  },
  {
    "alias": "session",
    "name": "session"
  },
  {
    "alias": "data-extraction",
    "name": "数据提取"
  },
  {
    "alias": "xpath",
    "name": "xpath"
  },
  {
    "alias": "lxml",
    "name": "lxml"
  },
  {
    "alias": "etree",
    "name": "etree"
  },
  {
    "alias": "BeautifulSoup",
    "name": "BeautifulSoup"
  },
  {
    "alias": "regex",
    "name": "Regex"
  },
  {
    "alias": "data-storage",
    "name": "数据存储"
  },
  {
    "alias": "json",
    "name": "json"
  },
  {
    "alias": "csv",
    "name": "csv"
  },
  {
    "alias": "mysql",
    "name": "MySQL"
  },
  {
    "alias": "mongodb",
    "name": "MongoDB"
  },
  {
    "alias": "spider",
    "name": "爬虫进阶"
  },
  {
    "alias": "multithreading",
    "name": "多线程"
  },
  {
    "alias": "threading",
    "name": "threading"
  },
  {
    "alias": "ajax",
    "name": "ajax"
  },
  {
    "alias": "selenium",
    "name": "selenium"
  },
  {
    "alias": "chromedriver",
    "name": "ChromeDriver"
  },
  {
    "alias": "verification",
    "name": "验证码"
  },
  {
    "alias": "tesseract",
    "name": "tesseract"
  },
  {
    "alias": "pytesseract",
    "name": "pytesseract"
  },
  {
    "alias": "scrapy",
    "name": "Scrapy"
  },
  {
    "alias": "redis",
    "name": "Redis"
  },
  {
    "alias": "分布式",
    "name": "分布式"
  },
  {
    "alias": "Windows",
    "name": "Windows"
  },
  {
    "alias": "computer-knowledge",
    "name": "计算机基础"
  },
  {
    "alias": "sysconvert",
    "name": "进制转换"
  },
  {
    "alias": "work-summary",
    "name": "工作总结"
  },
  {
    "alias": "internship",
    "name": "实习"
  },
  {
    "alias": "year-summary",
    "name": "年终总结"
  },
  {
    "alias": "html",
    "name": "HTML"
  },
  {
    "alias": "full-screen",
    "name": "全屏"
  },
  {
    "alias": "paging",
    "name": "翻页"
  },
  {
    "alias": "countdown",
    "name": "倒计时"
  },
  {
    "alias": "javascript",
    "name": "JavaScript"
  },
  {
    "alias": "sqlserver",
    "name": "SqlServer"
  },
  {
    "alias": "sql",
    "name": "SQL"
  },
  {
    "alias": "cursor",
    "name": "cursor"
  },
  {
    "alias": "centOS",
    "name": "CentOS"
  },
  {
    "alias": "linux",
    "name": "Linux"
  },
  {
    "alias": "nginx",
    "name": "Nginx"
  },
  {
    "alias": "supervisor",
    "name": "Supervisor"
  },
  {
    "alias": "crontab",
    "name": "crontab"
  },
  {
    "alias": "shell",
    "name": "shell"
  },
  {
    "alias": "model",
    "name": "model"
  },
  {
    "alias": "epplus",
    "name": "EPPlus"
  },
  {
    "alias": "excel",
    "name": "Excel"
  },
  {
    "alias": "wps",
    "name": "WPS"
  },
  {
    "alias": "git",
    "name": "git"
  },
  {
    "alias": "github",
    "name": "GitHub"
  },
  {
    "alias": "libgit2sharp",
    "name": "LibGit2Sharp"
  },
  {
    "alias": "vs",
    "name": "Visual Studio"
  },
  {
    "alias": "mta",
    "name": "MTA"
  },
  {
    "alias": "data-analysis",
    "name": "数据分析"
  },
  {
    "alias": "api",
    "name": "API"
  },
  {
    "alias": "x64dbg",
    "name": "x64dbg"
  },
  {
    "alias": "x32dbg",
    "name": "x32dbg"
  },
  {
    "alias": "patch",
    "name": "补丁"
  },
  {
    "alias": "weixin",
    "name": "微信"
  },
  {
    "alias": "android-simulator",
    "name": "安卓模拟器"
  },
  {
    "alias": "blue-screen",
    "name": "蓝屏"
  },
  {
    "alias": "summary",
    "name": "总结"
  },
  {
    "alias": "abpvnext",
    "name": "abp vNext"
  },
  {
    "alias": "swagger",
    "name": "Swagger"
  },
  {
    "alias": "efcore",
    "name": "EntityFramework Core"
  },
  {
    "alias": "code-first",
    "name": "Code-First"
  },
  {
    "alias": "Repository",
    "name": "Repository"
  },
  {
    "alias": "webapi",
    "name": "WebApi"
  },
  {
    "alias": "models",
    "name": "Models"
  },
  {
    "alias": "jwt",
    "name": "jwt"
  },
  {
    "alias": "filter",
    "name": "Filter"
  },
  {
    "alias": "middleware",
    "name": "Middleware"
  },
  {
    "alias": "log4net",
    "name": "Log4net"
  },
  {
    "alias": "authorize",
    "name": "Authorize"
  },
  {
    "alias": "cache",
    "name": "缓存"
  },
  {
    "alias": "scheduled",
    "name": "定时任务"
  },
  {
    "alias": "hangfire",
    "name": "Hangfire"
  },
  {
    "alias": "automapper",
    "name": "AutoMapper"
  },
  {
    "alias": "htmlagilitypack",
    "name": "HtmlAgilityPack"
  },
  {
    "alias": "puppeteersharp",
    "name": "PuppeteerSharp"
  },
  {
    "alias": "mailkit",
    "name": "MailKit"
  },
  {
    "alias": "blazor",
    "name": "Blazor"
  },
  {
    "alias": "emojis",
    "name": "Emojis"
  },
  {
    "alias": "2016",
    "name": "2016"
  },
  {
    "alias": "2017",
    "name": "2017"
  },
  {
    "alias": "2018",
    "name": "2018"
  },
  {
    "alias": "2019",
    "name": "2019"
  },
  {
    "alias": "2020",
    "name": "2020"
  },
  {
    "alias": "qrcode",
    "name": "二维码"
  },
  {
    "alias": "reptile",
    "name": "爬虫"
  },
  {
    "alias": "apollo",
    "name": "Apollo"
  },
  {
    "alias": "grpc",
    "name": "GRPC"
  },
  {
    "alias": "es",
    "name": "ElasticSearch"
  },
  {
    "alias": "rabbitMQ",
    "name": "RabbitMQ"
  },
  {
    "alias": "kafka",
    "name": "Kafka"
  },
  {
    "alias": "exceptionless",
    "name": "Exceptionless"
  },
  {
    "alias": "serilog",
    "name": "Serilog"
  },
  {
    "alias": "log4Net",
    "name": "Log4Net"
  },
  {
    "alias": "consul",
    "name": "Consul"
  },
  {
    "alias": "apigateway",
    "name": "ApiGateway"
  },
  {
    "alias": "university",
    "name": "大学"
  }
]