{
  "RECORDS": [
    {
      "avatar": "http://q1.qlogo.cn/g?b=qq&nk=494910887&s=640",
      "email": "123@meowv.com",
      "isAdmin": "true",
      "name": "阿星Plus",
      "password": "E10ADC3949BA59ABBE56E057F20F883E",
      "username": "admin"
    },
    {
      "avatar": "http://q1.qlogo.cn/g?b=qq&nk=1368802693&s=640",
      "email": "wus@meowv.com",
      "isAdmin": "true",
      "name": "二柚",
      "password": "E10ADC3949BA59ABBE56E057F20F883E",
      "username": "meowv"
    }
  ]
}